echeance,strike,type,bid,ask,close,mid_option_price,reference_type,spread_pct,quote_age_seconds,flag,reference_spot,reference_type_spot,capture_ts,snapshot_version
20260619,6000.0,C,287.5,292.5,257.8,290.0,mid,0.01724,,ok,6289.88,indice_last_ou_close,20260617_131429,snap1
20260619,6000.0,P,0.4,0.7,0.8,0.55,mid,0.54545,,spread_large,6289.88,indice_last_ou_close,20260617_131429,snap1
20260619,6025.0,C,262.6,267.6,232.9,265.1,mid,0.01886,,ok,6289.88,indice_last_ou_close,20260617_131429,snap1
20260619,6025.0,P,0.5,0.8,1.0,0.65,mid,0.46154,,spread_large,6289.88,indice_last_ou_close,20260617_131429,snap1
20260619,6050.0,C,237.7,242.7,208.1,240.2,mid,0.02082,,ok,6289.88,indice_last_ou_close,20260617_131429,snap1
20260619,6050.0,P,0.6,0.8,1.2,0.7,mid,0.28571,,spread_large,6289.88,indice_last_ou_close,20260617_131429,snap1
20260619,6075.0,C,212.8,217.9,183.5,215.35000000000002,mid,0.02368,,ok,6289.88,indice_last_ou_close,20260617_131429,snap1
20260619,6075.0,P,0.8,1.0,1.5,0.9,mid,0.22222,,ok,6289.88,indice_last_ou_close,20260617_131429,snap1
20260619,6100.0,C,188.1,193.1,159.0,190.6,mid,0.02623,,ok,6289.88,indice_last_ou_close,20260617_131429,snap1
20260619,6100.0,P,1.0,1.3,2.0,1.15,mid,0.26087,,spread_large,6289.88,indice_last_ou_close,20260617_131429,snap1
20260619,6125.0,C,163.4,168.4,134.9,165.9,mid,0.03014,,ok,6289.88,indice_last_ou_close,20260617_131429,snap1
20260619,6125.0,P,1.3,1.6,3.0,1.4500000000000002,mid,0.2069,,ok,6289.88,indice_last_ou_close,20260617_131429,snap1
20260619,6150.0,C,139.1,144.0,111.8,141.55,mid,0.03462,,ok,6289.88,indice_last_ou_close,20260617_131429,snap1
20260619,6150.0,P,1.9,2.2,4.8,2.05,mid,0.14634,,ok,6289.88,indice_last_ou_close,20260617_131429,snap1
20260619,6175.0,C,115.2,120.1,89.8,117.65,mid,0.04165,,ok,6289.88,indice_last_ou_close,20260617_131429,snap1
20260619,6175.0,P,3.0,3.3,7.8,3.15,mid,0.09524,,ok,6289.88,indice_last_ou_close,20260617_131429,snap1
20260619,6200.0,C,93.4,96.9,69.3,95.15,mid,0.03678,,ok,6289.88,indice_last_ou_close,20260617_131429,snap1
20260619,6200.0,P,4.9,5.4,12.3,5.15,mid,0.09709,,ok,6289.88,indice_last_ou_close,20260617_131429,snap1
20260619,6225.0,C,72.1,74.0,50.8,73.05,mid,0.02601,,ok,6289.88,indice_last_ou_close,20260617_131429,snap1
20260619,6225.0,P,8.2,8.7,18.9,8.45,mid,0.05917,,ok,6289.88,indice_last_ou_close,20260617_131429,snap1
20260619,6250.0,C,52.5,54.1,35.1,53.3,mid,0.03002,,ok,6289.88,indice_last_ou_close,20260617_131429,snap1
20260619,6250.0,P,13.5,14.1,28.1,13.8,mid,0.04348,,ok,6289.88,indice_last_ou_close,20260617_131429,snap1
20260619,6275.0,C,36.1,36.7,22.8,36.400000000000006,mid,0.01648,,ok,6289.88,indice_last_ou_close,20260617_131429,snap1
20260619,6275.0,P,21.6,22.1,40.8,21.85,mid,0.02288,,ok,6289.88,indice_last_ou_close,20260617_131429,snap1
20260619,6300.0,C,22.6,23.2,13.9,22.9,mid,0.0262,,ok,6289.88,indice_last_ou_close,20260617_131429,snap1
20260619,6300.0,P,33.1,33.6,56.9,33.35,mid,0.01499,,ok,6289.88,indice_last_ou_close,20260617_131429,snap1
20260619,6325.0,C,13.0,13.6,7.8,13.3,mid,0.04511,,ok,6289.88,indice_last_ou_close,20260617_131429,snap1
20260619,6325.0,P,47.9,49.4,75.8,48.65,mid,0.03083,,ok,6289.88,indice_last_ou_close,20260617_131429,snap1
20260619,6350.0,C,6.7,7.2,4.1,6.95,mid,0.07194,,ok,6289.88,indice_last_ou_close,20260617_131429,snap1
20260619,6350.0,P,,,97.1,97.1,close,,,stale_close_only,6289.88,indice_last_ou_close,20260617_131429,snap1
20260619,6375.0,C,,,2.0,2.0,close,,,stale_close_only,6289.88,indice_last_ou_close,20260617_131429,snap1
20260619,6375.0,P,,,120.0,120.0,close,,,stale_close_only,6289.88,indice_last_ou_close,20260617_131429,snap1
20260619,6400.0,C,,,1.1,1.1,close,,,stale_close_only,6289.88,indice_last_ou_close,20260617_131429,snap1
20260619,6400.0,P,,,144.0,144.0,close,,,stale_close_only,6289.88,indice_last_ou_close,20260617_131429,snap1
20260619,6425.0,C,,,0.7,0.7,close,,,stale_close_only,6289.88,indice_last_ou_close,20260617_131429,snap1
20260619,6425.0,P,,,168.6,168.6,close,,,stale_close_only,6289.88,indice_last_ou_close,20260617_131429,snap1
20260619,6450.0,C,,,0.5,0.5,close,,,stale_close_only,6289.88,indice_last_ou_close,20260617_131429,snap1
20260619,6450.0,P,,,193.4,193.4,close,,,stale_close_only,6289.88,indice_last_ou_close,20260617_131429,snap1
20260619,6475.0,C,,,0.3,0.3,close,,,stale_close_only,6289.88,indice_last_ou_close,20260617_131429,snap1
20260619,6475.0,P,,,218.3,218.3,close,,,stale_close_only,6289.88,indice_last_ou_close,20260617_131429,snap1
20260619,6500.0,C,,,0.3,0.3,close,,,stale_close_only,6289.88,indice_last_ou_close,20260617_131429,snap1
20260619,6500.0,P,,,243.2,243.2,close,,,stale_close_only,6289.88,indice_last_ou_close,20260617_131429,snap1
20260619,6525.0,C,,,0.2,0.2,close,,,stale_close_only,6289.88,indice_last_ou_close,20260617_131429,snap1
20260619,6525.0,P,,,268.2,268.2,close,,,stale_close_only,6289.88,indice_last_ou_close,20260617_131429,snap1
20260619,6550.0,C,,,0.2,0.2,close,,,stale_close_only,6289.88,indice_last_ou_close,20260617_131429,snap1
20260619,6550.0,P,,,293.1,293.1,close,,,stale_close_only,6289.88,indice_last_ou_close,20260617_131429,snap1
20260619,6575.0,C,,,0.2,0.2,close,,,stale_close_only,6289.88,indice_last_ou_close,20260617_131429,snap1
20260619,6575.0,P,,,318.1,318.1,close,,,stale_close_only,6289.88,indice_last_ou_close,20260617_131429,snap1
20260619,6600.0,C,,,0.1,0.1,close,,,stale_close_only,6289.88,indice_last_ou_close,20260617_131429,snap1
20260619,6600.0,P,,,343.1,343.1,close,,,stale_close_only,6289.88,indice_last_ou_close,20260617_131429,snap1
20260626,6000.0,C,294.2,300.8,265.0,297.5,mid,0.02218,,ok,6289.88,indice_last_ou_close,20260617_131429,snap1
20260626,6000.0,P,3.1,3.4,5.0,3.25,mid,0.09231,,ok,6289.88,indice_last_ou_close,20260617_131429,snap1
20260626,6025.0,C,269.8,276.4,241.0,273.1,mid,0.02417,,ok,6289.88,indice_last_ou_close,20260617_131429,snap1
20260626,6025.0,P,3.7,4.1,6.0,3.9,mid,0.10256,,ok,6289.88,indice_last_ou_close,20260617_131429,snap1
20260626,6050.0,C,245.7,252.2,217.4,248.95,mid,0.02611,,ok,6289.88,indice_last_ou_close,20260617_131429,snap1
20260626,6050.0,P,4.5,5.0,7.4,4.75,mid,0.10526,,ok,6289.88,indice_last_ou_close,20260617_131429,snap1
20260626,6075.0,C,221.9,228.3,194.1,225.10000000000002,mid,0.02843,,ok,6289.88,indice_last_ou_close,20260617_131429,snap1
20260626,6075.0,P,5.6,6.1,9.1,5.85,mid,0.08547,,ok,6289.88,indice_last_ou_close,20260617_131429,snap1
20260626,6100.0,C,199.2,203.7,171.5,201.45,mid,0.02234,,ok,6289.88,indice_last_ou_close,20260617_131429,snap1
20260626,6100.0,P,7.3,7.6,11.5,7.449999999999999,mid,0.04027,,ok,6289.88,indice_last_ou_close,20260617_131429,snap1
20260626,6125.0,C,176.4,180.7,149.6,178.55,mid,0.02408,,ok,6289.88,indice_last_ou_close,20260617_131429,snap1
20260626,6125.0,P,9.1,9.7,14.6,9.399999999999999,mid,0.06383,,ok,6289.88,indice_last_ou_close,20260617_131429,snap1
20260626,6150.0,C,155.0,158.4,128.6,156.7,mid,0.0217,,ok,6289.88,indice_last_ou_close,20260617_131429,snap1
20260626,6150.0,P,11.7,12.4,18.6,12.05,mid,0.05809,,ok,6289.88,indice_last_ou_close,20260617_131429,snap1
20260626,6175.0,C,133.9,136.2,108.8,135.05,mid,0.01703,,ok,6289.88,indice_last_ou_close,20260617_131429,snap1
20260626,6175.0,P,15.2,16.0,23.7,15.6,mid,0.05128,,ok,6289.88,indice_last_ou_close,20260617_131429,snap1
20260626,6200.0,C,113.7,115.6,90.3,114.65,mid,0.01657,,ok,6289.88,indice_last_ou_close,20260617_131429,snap1
20260626,6200.0,P,19.7,20.6,30.2,20.15,mid,0.04467,,ok,6289.88,indice_last_ou_close,20260617_131429,snap1
20260626,6225.0,C,94.5,96.4,73.3,95.45,mid,0.01991,,ok,6289.88,indice_last_ou_close,20260617_131429,snap1
20260626,6225.0,P,25.4,26.4,38.2,25.9,mid,0.03861,,ok,6289.88,indice_last_ou_close,20260617_131429,snap1
20260626,6250.0,C,76.8,78.7,58.2,77.75,mid,0.02444,,ok,6289.88,indice_last_ou_close,20260617_131429,snap1
20260626,6250.0,P,32.6,33.8,48.1,33.2,mid,0.03614,,ok,6289.88,indice_last_ou_close,20260617_131429,snap1
20260626,6275.0,C,61.0,62.5,45.0,61.75,mid,0.02429,,ok,6289.88,indice_last_ou_close,20260617_131429,snap1
20260626,6275.0,P,41.6,42.9,59.9,42.25,mid,0.03077,,ok,6289.88,indice_last_ou_close,20260617_131429,snap1
20260626,6300.0,C,47.1,48.5,34.0,47.8,mid,0.02929,,ok,6289.88,indice_last_ou_close,20260617_131429,snap1
20260626,6300.0,P,52.5,54.0,73.8,53.25,mid,0.02817,,ok,6289.88,indice_last_ou_close,20260617_131429,snap1
20260626,6325.0,C,35.4,36.6,24.9,36.0,mid,0.03333,,ok,6289.88,indice_last_ou_close,20260617_131429,snap1
20260626,6325.0,P,65.5,67.1,89.8,66.3,mid,0.02413,,ok,6289.88,indice_last_ou_close,20260617_131429,snap1
20260626,6350.0,C,25.6,26.8,17.7,26.200000000000003,mid,0.0458,,ok,6289.88,indice_last_ou_close,20260617_131429,snap1
20260626,6350.0,P,80.5,82.7,107.6,81.6,mid,0.02696,,ok,6289.88,indice_last_ou_close,20260617_131429,snap1
20260626,6375.0,C,17.9,19.0,12.2,18.45,mid,0.05962,,ok,6289.88,indice_last_ou_close,20260617_131429,snap1
20260626,6375.0,P,97.7,100.0,127.0,98.85,mid,0.02327,,ok,6289.88,indice_last_ou_close,20260617_131429,snap1
20260626,6400.0,C,11.9,12.8,8.1,12.350000000000001,mid,0.07287,,ok,6289.88,indice_last_ou_close,20260617_131429,snap1
20260626,6400.0,P,116.2,119.0,147.9,117.6,mid,0.02381,,ok,6289.88,indice_last_ou_close,20260617_131429,snap1
20260626,6425.0,C,7.7,8.4,5.3,8.05,mid,0.08696,,ok,6289.88,indice_last_ou_close,20260617_131429,snap1
20260626,6425.0,P,136.7,140.5,170.1,138.6,mid,0.02742,,ok,6289.88,indice_last_ou_close,20260617_131429,snap1
20260626,6450.0,C,4.8,5.5,3.4,5.15,mid,0.13592,,ok,6289.88,indice_last_ou_close,20260617_131429,snap1
20260626,6450.0,P,158.6,162.7,193.1,160.64999999999998,mid,0.02552,,ok,6289.88,indice_last_ou_close,20260617_131429,snap1
20260626,6475.0,C,2.9,3.4,2.2,3.15,mid,0.15873,,ok,6289.88,indice_last_ou_close,20260617_131429,snap1
20260626,6475.0,P,181.6,185.7,216.9,183.64999999999998,mid,0.02233,,ok,6289.88,indice_last_ou_close,20260617_131429,snap1
20260626,6500.0,C,1.7,2.2,1.4,1.9500000000000002,mid,0.25641,,spread_large,6289.88,indice_last_ou_close,20260617_131429,snap1
20260626,6500.0,P,205.4,209.6,241.2,207.5,mid,0.02024,,ok,6289.88,indice_last_ou_close,20260617_131429,snap1
20260626,6525.0,C,1.0,1.4,1.0,1.2,mid,0.33333,,spread_large,6289.88,indice_last_ou_close,20260617_131429,snap1
20260626,6525.0,P,228.4,235.0,265.7,231.7,mid,0.02849,,ok,6289.88,indice_last_ou_close,20260617_131429,snap1
20260626,6550.0,C,0.6,1.0,0.8,0.8,mid,0.5,,spread_large,6289.88,indice_last_ou_close,20260617_131429,snap1
20260626,6550.0,P,252.9,259.6,290.5,256.25,mid,0.02615,,ok,6289.88,indice_last_ou_close,20260617_131429,snap1
20260626,6575.0,C,0.4,0.7,0.6,0.55,mid,0.54545,,spread_large,6289.88,indice_last_ou_close,20260617_131429,snap1
20260626,6575.0,P,277.7,284.3,315.3,281.0,mid,0.02349,,ok,6289.88,indice_last_ou_close,20260617_131429,snap1
20260626,6600.0,C,0.3,0.6,0.5,0.44999999999999996,mid,0.66667,,spread_large,6289.88,indice_last_ou_close,20260617_131429,snap1
20260626,6600.0,P,,,,,aucun,,,sans_prix,6289.88,indice_last_ou_close,20260617_131429,snap1
20260630,6000.0,C,295.6,302.3,266.4,298.95000000000005,mid,0.02241,,ok,6289.88,indice_last_ou_close,20260617_131429,snap1
20260630,6000.0,P,5.2,5.8,7.9,5.5,mid,0.10909,,ok,6289.88,indice_last_ou_close,20260617_131429,snap1
20260630,6025.0,C,271.6,278.3,243.0,274.95000000000005,mid,0.02437,,ok,6289.88,indice_last_ou_close,20260617_131429,snap1
20260630,6025.0,P,6.2,6.8,9.4,6.5,mid,0.09231,,ok,6289.88,indice_last_ou_close,20260617_131429,snap1
20260630,6050.0,C,247.9,254.6,219.9,251.25,mid,0.02667,,ok,6289.88,indice_last_ou_close,20260617_131429,snap1
20260630,6050.0,P,7.4,8.0,11.4,7.7,mid,0.07792,,ok,6289.88,indice_last_ou_close,20260617_131429,snap1
20260630,6075.0,C,224.6,231.1,197.4,227.85,mid,0.02853,,ok,6289.88,indice_last_ou_close,20260617_131429,snap1
20260630,6075.0,P,8.8,9.6,13.8,9.2,mid,0.08696,,ok,6289.88,indice_last_ou_close,20260617_131429,snap1
20260630,6100.0,C,202.4,207.1,175.4,204.75,mid,0.02295,,ok,6289.88,indice_last_ou_close,20260617_131429,snap1
20260630,6100.0,P,11.0,11.7,16.8,11.35,mid,0.06167,,ok,6289.88,indice_last_ou_close,20260617_131429,snap1
20260630,6125.0,C,181.3,184.0,154.2,182.65,mid,0.01478,,ok,6289.88,indice_last_ou_close,20260617_131429,snap1
20260630,6125.0,P,13.5,14.3,20.6,13.9,mid,0.05755,,ok,6289.88,indice_last_ou_close,20260617_131429,snap1
20260630,6150.0,C,159.4,161.9,133.9,160.65,mid,0.01556,,ok,6289.88,indice_last_ou_close,20260617_131429,snap1
20260630,6150.0,P,16.7,17.4,25.3,17.049999999999997,mid,0.04106,,ok,6289.88,indice_last_ou_close,20260617_131429,snap1
20260630,6175.0,C,138.5,141.0,114.7,139.75,mid,0.01789,,ok,6289.88,indice_last_ou_close,20260617_131429,snap1
20260630,6175.0,P,20.7,21.6,31.1,21.15,mid,0.04255,,ok,6289.88,indice_last_ou_close,20260617_131429,snap1
20260630,6200.0,C,118.5,121.0,96.9,119.75,mid,0.02088,,ok,6289.88,indice_last_ou_close,20260617_131429,snap1
20260630,6200.0,P,25.7,26.7,38.2,26.2,mid,0.03817,,ok,6289.88,indice_last_ou_close,20260617_131429,snap1
20260630,6225.0,C,99.7,102.0,80.4,100.85,mid,0.02281,,ok,6289.88,indice_last_ou_close,20260617_131429,snap1
20260630,6225.0,P,31.8,33.0,46.8,32.4,mid,0.03704,,ok,6289.88,indice_last_ou_close,20260617_131429,snap1
20260630,6250.0,C,82.8,84.5,65.5,83.65,mid,0.02032,,ok,6289.88,indice_last_ou_close,20260617_131429,snap1
20260630,6250.0,P,39.3,40.7,56.8,40.0,mid,0.035,,ok,6289.88,indice_last_ou_close,20260617_131429,snap1
20260630,6275.0,C,67.2,68.8,52.3,68.0,mid,0.02353,,ok,6289.88,indice_last_ou_close,20260617_131429,snap1
20260630,6275.0,P,48.5,50.1,68.5,49.3,mid,0.03245,,ok,6289.88,indice_last_ou_close,20260617_131429,snap1
20260630,6300.0,C,53.3,54.8,40.7,54.05,mid,0.02775,,ok,6289.88,indice_last_ou_close,20260617_131429,snap1
20260630,6300.0,P,59.5,61.2,82.0,60.35,mid,0.02817,,ok,6289.88,indice_last_ou_close,20260617_131429,snap1
20260630,6325.0,C,41.4,42.8,31.0,42.099999999999994,mid,0.03325,,ok,6289.88,indice_last_ou_close,20260617_131429,snap1
20260630,6325.0,P,72.4,74.3,97.3,73.35,mid,0.0259,,ok,6289.88,indice_last_ou_close,20260617_131429,snap1
20260630,6350.0,C,31.5,32.7,23.0,32.1,mid,0.03738,,ok,6289.88,indice_last_ou_close,20260617_131429,snap1
20260630,6350.0,P,87.3,89.5,114.3,88.4,mid,0.02489,,ok,6289.88,indice_last_ou_close,20260617_131429,snap1
20260630,6375.0,C,23.4,24.4,16.7,23.9,mid,0.04184,,ok,6289.88,indice_last_ou_close,20260617_131429,snap1
20260630,6375.0,P,104.0,106.2,132.9,105.1,mid,0.02093,,ok,6289.88,indice_last_ou_close,20260617_131429,snap1
20260630,6400.0,C,16.9,17.7,11.8,17.299999999999997,mid,0.04624,,ok,6289.88,indice_last_ou_close,20260617_131429,snap1
20260630,6400.0,P,122.0,124.5,153.0,123.25,mid,0.02028,,ok,6289.88,indice_last_ou_close,20260617_131429,snap1
20260630,6425.0,C,11.9,12.7,8.2,12.3,mid,0.06504,,ok,6289.88,indice_last_ou_close,20260617_131429,snap1
20260630,6425.0,P,142.1,144.6,174.4,143.35,mid,0.01744,,ok,6289.88,indice_last_ou_close,20260617_131429,snap1
20260630,6450.0,C,8.1,8.9,5.6,8.5,mid,0.09412,,ok,6289.88,indice_last_ou_close,20260617_131429,snap1
20260630,6450.0,P,162.5,166.7,196.8,164.6,mid,0.02552,,ok,6289.88,indice_last_ou_close,20260617_131429,snap1
20260630,6475.0,C,5.3,6.0,3.8,5.65,mid,0.12389,,ok,6289.88,indice_last_ou_close,20260617_131429,snap1
20260630,6475.0,P,184.5,188.9,219.9,186.7,mid,0.02357,,ok,6289.88,indice_last_ou_close,20260617_131429,snap1
20260630,6500.0,C,3.5,4.1,2.6,3.8,mid,0.15789,,ok,6289.88,indice_last_ou_close,20260617_131429,snap1
20260630,6500.0,P,207.6,212.0,243.7,209.8,mid,0.02097,,ok,6289.88,indice_last_ou_close,20260617_131429,snap1
20260630,6525.0,C,2.3,2.8,1.8,2.55,mid,0.19608,,ok,6289.88,indice_last_ou_close,20260617_131429,snap1
20260630,6525.0,P,230.3,237.1,267.9,233.7,mid,0.0291,,ok,6289.88,indice_last_ou_close,20260617_131429,snap1
20260630,6550.0,C,1.4,1.9,1.2,1.65,mid,0.30303,,spread_large,6289.88,indice_last_ou_close,20260617_131429,snap1
20260630,6550.0,P,254.4,261.3,292.3,257.85,mid,0.02676,,ok,6289.88,indice_last_ou_close,20260617_131429,snap1
20260630,6575.0,C,0.9,1.4,0.9,1.15,mid,0.43478,,spread_large,6289.88,indice_last_ou_close,20260617_131429,snap1
20260630,6575.0,P,278.8,285.7,316.9,282.25,mid,0.02445,,ok,6289.88,indice_last_ou_close,20260617_131429,snap1
20260630,6600.0,C,0.6,1.0,0.7,0.8,mid,0.5,,spread_large,6289.88,indice_last_ou_close,20260617_131429,snap1
20260630,6600.0,P,303.4,310.3,341.7,306.85,mid,0.02249,,ok,6289.88,indice_last_ou_close,20260617_131429,snap1
20260703,6000.0,C,300.8,308.6,273.0,304.70000000000005,mid,0.0256,,ok,6289.88,indice_last_ou_close,20260617_131429,snap1
20260703,6000.0,P,8.7,9.3,12.5,9.0,mid,0.06667,,ok,6289.88,indice_last_ou_close,20260617_131429,snap1
20260703,6025.0,C,277.4,285.1,250.2,281.25,mid,0.02738,,ok,6289.88,indice_last_ou_close,20260617_131429,snap1
20260703,6025.0,P,10.2,10.8,14.7,10.5,mid,0.05714,,ok,6289.88,indice_last_ou_close,20260617_131429,snap1
20260703,6050.0,C,254.4,261.9,227.9,258.15,mid,0.02905,,ok,6289.88,indice_last_ou_close,20260617_131429,snap1
20260703,6050.0,P,11.9,12.7,17.3,12.3,mid,0.06504,,ok,6289.88,indice_last_ou_close,20260617_131429,snap1
20260703,6075.0,C,234.0,238.1,206.1,236.05,mid,0.01737,,ok,6289.88,indice_last_ou_close,20260617_131429,snap1
20260703,6075.0,P,14.2,14.9,20.5,14.55,mid,0.04811,,ok,6289.88,indice_last_ou_close,20260617_131429,snap1
20260703,6100.0,C,211.8,215.1,184.9,213.45,mid,0.01546,,ok,6289.88,indice_last_ou_close,20260617_131429,snap1
20260703,6100.0,P,16.9,17.7,24.3,17.299999999999997,mid,0.04624,,ok,6289.88,indice_last_ou_close,20260617_131429,snap1
20260703,6125.0,C,190.6,193.1,164.4,191.85,mid,0.01303,,ok,6289.88,indice_last_ou_close,20260617_131429,snap1
20260703,6125.0,P,20.2,21.1,28.8,20.65,mid,0.04358,,ok,6289.88,indice_last_ou_close,20260617_131429,snap1
20260703,6150.0,C,169.5,172.1,144.8,170.8,mid,0.01522,,ok,6289.88,indice_last_ou_close,20260617_131429,snap1
20260703,6150.0,P,24.2,25.1,34.2,24.65,mid,0.03651,,ok,6289.88,indice_last_ou_close,20260617_131429,snap1
20260703,6175.0,C,149.3,151.9,126.2,150.60000000000002,mid,0.01726,,ok,6289.88,indice_last_ou_close,20260617_131429,snap1
20260703,6175.0,P,28.9,29.9,40.5,29.4,mid,0.03401,,ok,6289.88,indice_last_ou_close,20260617_131429,snap1
20260703,6200.0,C,130.1,132.5,108.6,131.3,mid,0.01828,,ok,6289.88,indice_last_ou_close,20260617_131429,snap1
20260703,6200.0,P,34.6,35.7,47.9,35.150000000000006,mid,0.03129,,ok,6289.88,indice_last_ou_close,20260617_131429,snap1
20260703,6225.0,C,111.9,114.3,92.3,113.1,mid,0.02122,,ok,6289.88,indice_last_ou_close,20260617_131429,snap1
20260703,6225.0,P,41.3,42.5,56.6,41.9,mid,0.02864,,ok,6289.88,indice_last_ou_close,20260617_131429,snap1
20260703,6250.0,C,95.1,97.3,77.3,96.19999999999999,mid,0.02287,,ok,6289.88,indice_last_ou_close,20260617_131429,snap1
20260703,6250.0,P,49.3,50.5,66.6,49.9,mid,0.02405,,ok,6289.88,indice_last_ou_close,20260617_131429,snap1
20260703,6275.0,C,79.7,81.5,63.8,80.6,mid,0.02233,,ok,6289.88,indice_last_ou_close,20260617_131429,snap1
20260703,6275.0,P,58.5,59.9,78.0,59.2,mid,0.02365,,ok,6289.88,indice_last_ou_close,20260617_131429,snap1
20260703,6300.0,C,65.7,67.3,51.8,66.5,mid,0.02406,,ok,6289.88,indice_last_ou_close,20260617_131429,snap1
20260703,6300.0,P,69.4,71.0,91.0,70.2,mid,0.02279,,ok,6289.88,indice_last_ou_close,20260617_131429,snap1
20260703,6325.0,C,53.4,54.7,41.4,54.05,mid,0.02405,,ok,6289.88,indice_last_ou_close,20260617_131429,snap1
20260703,6325.0,P,81.8,83.4,105.5,82.6,mid,0.01937,,ok,6289.88,indice_last_ou_close,20260617_131429,snap1
20260703,6350.0,C,42.5,43.6,32.5,43.05,mid,0.02555,,ok,6289.88,indice_last_ou_close,20260617_131429,snap1
20260703,6350.0,P,95.8,97.6,121.6,96.69999999999999,mid,0.01861,,ok,6289.88,indice_last_ou_close,20260617_131429,snap1
20260703,6375.0,C,33.3,34.3,25.1,33.8,mid,0.02959,,ok,6289.88,indice_last_ou_close,20260617_131429,snap1
20260703,6375.0,P,111.3,113.2,139.2,112.25,mid,0.01693,,ok,6289.88,indice_last_ou_close,20260617_131429,snap1
20260703,6400.0,C,25.5,26.4,19.0,25.95,mid,0.03468,,ok,6289.88,indice_last_ou_close,20260617_131429,snap1
20260703,6400.0,P,128.3,130.5,158.1,129.4,mid,0.017,,ok,6289.88,indice_last_ou_close,20260617_131429,snap1
20260703,6425.0,C,19.1,19.9,14.1,19.5,mid,0.04103,,ok,6289.88,indice_last_ou_close,20260617_131429,snap1
20260703,6425.0,P,146.7,148.9,178.2,147.8,mid,0.01488,,ok,6289.88,indice_last_ou_close,20260617_131429,snap1
20260703,6450.0,C,14.0,14.8,10.3,14.4,mid,0.05556,,ok,6289.88,indice_last_ou_close,20260617_131429,snap1
20260703,6450.0,P,166.3,170.3,199.3,168.3,mid,0.02377,,ok,6289.88,indice_last_ou_close,20260617_131429,snap1
20260703,6475.0,C,10.1,10.7,7.3,10.399999999999999,mid,0.05769,,ok,6289.88,indice_last_ou_close,20260617_131429,snap1
20260703,6475.0,P,185.7,191.6,221.3,188.64999999999998,mid,0.03127,,ok,6289.88,indice_last_ou_close,20260617_131429,snap1
20260703,6500.0,C,7.0,7.7,5.2,7.35,mid,0.09524,,ok,6289.88,indice_last_ou_close,20260617_131429,snap1
20260703,6500.0,P,207.4,214.4,244.2,210.9,mid,0.03319,,ok,6289.88,indice_last_ou_close,20260617_131429,snap1
20260703,6525.0,C,4.9,5.5,3.6,5.2,mid,0.11538,,ok,6289.88,indice_last_ou_close,20260617_131429,snap1
20260703,6525.0,P,230.0,237.8,267.6,233.9,mid,0.03335,,ok,6289.88,indice_last_ou_close,20260617_131429,snap1
20260703,6550.0,C,3.3,3.9,2.6,3.5999999999999996,mid,0.16667,,ok,6289.88,indice_last_ou_close,20260617_131429,snap1
20260703,6550.0,P,253.3,261.3,291.5,257.3,mid,0.03109,,ok,6289.88,indice_last_ou_close,20260617_131429,snap1
20260703,6575.0,C,2.3,2.8,1.8,2.55,mid,0.19608,,ok,6289.88,indice_last_ou_close,20260617_131429,snap1
20260703,6575.0,P,277.1,285.2,315.8,281.15,mid,0.02881,,ok,6289.88,indice_last_ou_close,20260617_131429,snap1
20260703,6600.0,C,1.5,2.0,1.4,1.75,mid,0.28571,,spread_large,6289.88,indice_last_ou_close,20260617_131429,snap1
20260703,6600.0,P,301.3,309.4,340.3,305.35,mid,0.02653,,ok,6289.88,indice_last_ou_close,20260617_131429,snap1
20260710,6000.0,C,309.0,314.5,280.7,311.75,mid,0.01764,,ok,6289.88,indice_last_ou_close,20260617_131429,snap1
20260710,6000.0,P,15.8,16.6,21.0,16.200000000000003,mid,0.04938,,ok,6289.88,indice_last_ou_close,20260617_131429,snap1
20260710,6025.0,C,287.3,290.7,258.7,289.0,mid,0.01176,,ok,6289.88,indice_last_ou_close,20260617_131429,snap1
20260710,6025.0,P,18.1,18.8,24.1,18.450000000000003,mid,0.03794,,ok,6289.88,indice_last_ou_close,20260617_131429,snap1
20260710,6050.0,C,265.0,268.4,237.3,266.7,mid,0.01275,,ok,6289.88,indice_last_ou_close,20260617_131429,snap1
20260710,6050.0,P,20.8,21.5,27.6,21.15,mid,0.0331,,ok,6289.88,indice_last_ou_close,20260617_131429,snap1
20260710,6075.0,C,243.9,246.4,216.4,245.15,mid,0.0102,,ok,6289.88,indice_last_ou_close,20260617_131429,snap1
20260710,6075.0,P,23.9,24.8,31.7,24.35,mid,0.03696,,ok,6289.88,indice_last_ou_close,20260617_131429,snap1
20260710,6100.0,C,222.6,224.8,196.1,223.7,mid,0.00983,,ok,6289.88,indice_last_ou_close,20260617_131429,snap1
20260710,6100.0,P,27.5,28.4,36.3,27.95,mid,0.0322,,ok,6289.88,indice_last_ou_close,20260617_131429,snap1
20260710,6125.0,C,201.8,204.2,176.4,203.0,mid,0.01182,,ok,6289.88,indice_last_ou_close,20260617_131429,snap1
20260710,6125.0,P,31.6,32.7,41.6,32.150000000000006,mid,0.03421,,ok,6289.88,indice_last_ou_close,20260617_131429,snap1
20260710,6150.0,C,181.7,184.3,157.5,183.0,mid,0.01421,,ok,6289.88,indice_last_ou_close,20260617_131429,snap1
20260710,6150.0,P,36.5,37.6,47.7,37.05,mid,0.02969,,ok,6289.88,indice_last_ou_close,20260617_131429,snap1
20260710,6175.0,C,162.4,164.9,139.5,163.65,mid,0.01528,,ok,6289.88,indice_last_ou_close,20260617_131429,snap1
20260710,6175.0,P,42.1,43.3,54.6,42.7,mid,0.0281,,ok,6289.88,indice_last_ou_close,20260617_131429,snap1
20260710,6200.0,C,144.0,146.2,122.4,145.1,mid,0.01516,,ok,6289.88,indice_last_ou_close,20260617_131429,snap1
20260710,6200.0,P,48.5,49.9,62.5,49.2,mid,0.02846,,ok,6289.88,indice_last_ou_close,20260617_131429,snap1
20260710,6225.0,C,126.5,128.6,106.4,127.55,mid,0.01646,,ok,6289.88,indice_last_ou_close,20260617_131429,snap1
20260710,6225.0,P,55.9,57.2,71.5,56.55,mid,0.02299,,ok,6289.88,indice_last_ou_close,20260617_131429,snap1
20260710,6250.0,C,110.1,112.2,91.6,111.15,mid,0.01889,,ok,6289.88,indice_last_ou_close,20260617_131429,snap1
20260710,6250.0,P,64.4,65.9,81.6,65.15,mid,0.02302,,ok,6289.88,indice_last_ou_close,20260617_131429,snap1
20260710,6275.0,C,95.0,96.8,78.2,95.9,mid,0.01877,,ok,6289.88,indice_last_ou_close,20260617_131429,snap1
20260710,6275.0,P,74.0,75.7,93.2,74.85,mid,0.02271,,ok,6289.88,indice_last_ou_close,20260617_131429,snap1
20260710,6300.0,C,80.9,82.7,66.1,81.80000000000001,mid,0.022,,ok,6289.88,indice_last_ou_close,20260617_131429,snap1
20260710,6300.0,P,84.9,86.6,106.0,85.75,mid,0.01983,,ok,6289.88,indice_last_ou_close,20260617_131429,snap1
20260710,6325.0,C,68.2,69.9,55.2,69.05000000000001,mid,0.02462,,ok,6289.88,indice_last_ou_close,20260617_131429,snap1
20260710,6325.0,P,97.2,98.8,120.1,98.0,mid,0.01633,,ok,6289.88,indice_last_ou_close,20260617_131429,snap1
20260710,6350.0,C,56.8,58.5,45.5,57.65,mid,0.02949,,ok,6289.88,indice_last_ou_close,20260617_131429,snap1
20260710,6350.0,P,110.6,112.6,135.4,111.6,mid,0.01792,,ok,6289.88,indice_last_ou_close,20260617_131429,snap1
20260710,6375.0,C,46.8,48.3,37.0,47.55,mid,0.03155,,ok,6289.88,indice_last_ou_close,20260617_131429,snap1
20260710,6375.0,P,125.4,127.6,151.9,126.5,mid,0.01739,,ok,6289.88,indice_last_ou_close,20260617_131429,snap1
20260710,6400.0,C,38.1,39.5,29.7,38.8,mid,0.03608,,ok,6289.88,indice_last_ou_close,20260617_131429,snap1
20260710,6400.0,P,141.1,144.0,169.6,142.55,mid,0.02034,,ok,6289.88,indice_last_ou_close,20260617_131429,snap1
20260710,6425.0,C,30.6,31.8,23.6,31.200000000000003,mid,0.03846,,ok,6289.88,indice_last_ou_close,20260617_131429,snap1
20260710,6425.0,P,158.4,161.4,188.4,159.9,mid,0.01876,,ok,6289.88,indice_last_ou_close,20260617_131429,snap1
20260710,6450.0,C,24.2,25.3,18.5,24.75,mid,0.04444,,ok,6289.88,indice_last_ou_close,20260617_131429,snap1
20260710,6450.0,P,176.9,180.0,208.2,178.45,mid,0.01737,,ok,6289.88,indice_last_ou_close,20260617_131429,snap1
20260710,6475.0,C,18.9,19.9,14.3,19.4,mid,0.05155,,ok,6289.88,indice_last_ou_close,20260617_131429,snap1
20260710,6475.0,P,196.4,199.2,229.0,197.8,mid,0.01416,,ok,6289.88,indice_last_ou_close,20260617_131429,snap1
20260710,6500.0,C,14.6,15.5,11.0,15.05,mid,0.0598,,ok,6289.88,indice_last_ou_close,20260617_131429,snap1
20260710,6500.0,P,216.4,220.2,250.6,218.3,mid,0.01741,,ok,6289.88,indice_last_ou_close,20260617_131429,snap1
20260710,6525.0,C,11.0,11.9,8.3,11.45,mid,0.0786,,ok,6289.88,indice_last_ou_close,20260617_131429,snap1
20260710,6525.0,P,237.4,242.7,273.0,240.05,mid,0.02208,,ok,6289.88,indice_last_ou_close,20260617_131429,snap1
20260710,6550.0,C,8.1,9.0,6.3,8.55,mid,0.10526,,ok,6289.88,indice_last_ou_close,20260617_131429,snap1
20260710,6550.0,P,259.4,265.9,295.9,262.65,mid,0.02475,,ok,6289.88,indice_last_ou_close,20260617_131429,snap1
20260710,6575.0,C,6.2,6.8,4.8,6.5,mid,0.09231,,ok,6289.88,indice_last_ou_close,20260617_131429,snap1
20260710,6575.0,P,282.1,288.7,319.3,285.4,mid,0.02313,,ok,6289.88,indice_last_ou_close,20260617_131429,snap1
20260710,6600.0,C,4.6,5.0,3.6,4.8,mid,0.08333,,ok,6289.88,indice_last_ou_close,20260617_131429,snap1
20260710,6600.0,P,305.4,312.1,343.1,308.75,mid,0.0217,,ok,6289.88,indice_last_ou_close,20260617_131429,snap1
20260717,6000.0,C,321.8,325.5,293.6,323.65,mid,0.01143,,ok,6289.88,indice_last_ou_close,20260617_131429,snap1
20260717,6000.0,P,24.7,25.2,31.3,24.95,mid,0.02004,,ok,6289.88,indice_last_ou_close,20260617_131429,snap1
20260717,6025.0,C,300.9,303.5,272.3,302.2,mid,0.0086,,ok,6289.88,indice_last_ou_close,20260617_131429,snap1
20260717,6025.0,P,27.8,28.3,35.0,28.05,mid,0.01783,,ok,6289.88,indice_last_ou_close,20260617_131429,snap1
20260717,6050.0,C,279.4,281.5,251.5,280.45,mid,0.00749,,ok,6289.88,indice_last_ou_close,20260617_131429,snap1
20260717,6050.0,P,31.2,31.7,39.1,31.45,mid,0.0159,,ok,6289.88,indice_last_ou_close,20260617_131429,snap1
20260717,6075.0,C,258.3,260.4,231.2,259.35,mid,0.0081,,ok,6289.88,indice_last_ou_close,20260617_131429,snap1
20260717,6075.0,P,35.1,35.6,43.8,35.35,mid,0.01414,,ok,6289.88,indice_last_ou_close,20260617_131429,snap1
20260717,6100.0,C,237.8,239.8,211.5,238.8,mid,0.00838,,ok,6289.88,indice_last_ou_close,20260617_131429,snap1
20260717,6100.0,P,39.4,40.0,49.1,39.7,mid,0.01511,,ok,6289.88,indice_last_ou_close,20260617_131429,snap1
20260717,6125.0,C,217.8,219.8,192.5,218.8,mid,0.00914,,ok,6289.88,indice_last_ou_close,20260617_131429,snap1
20260717,6125.0,P,44.4,45.0,54.9,44.7,mid,0.01342,,ok,6289.88,indice_last_ou_close,20260617_131429,snap1
20260717,6150.0,C,198.5,200.3,174.1,199.4,mid,0.00903,,ok,6289.88,indice_last_ou_close,20260617_131429,snap1
20260717,6150.0,P,50.0,50.6,61.6,50.3,mid,0.01193,,ok,6289.88,indice_last_ou_close,20260617_131429,snap1
20260717,6175.0,C,179.5,181.5,156.6,180.5,mid,0.01108,,ok,6289.88,indice_last_ou_close,20260617_131429,snap1
20260717,6175.0,P,56.2,57.0,69.0,56.6,mid,0.01413,,ok,6289.88,indice_last_ou_close,20260617_131429,snap1
20260717,6200.0,C,161.6,163.5,139.9,162.55,mid,0.01169,,ok,6289.88,indice_last_ou_close,20260617_131429,snap1
20260717,6200.0,P,63.2,63.9,77.2,63.55,mid,0.01101,,ok,6289.88,indice_last_ou_close,20260617_131429,snap1
20260717,6225.0,C,145.1,146.1,124.1,145.6,mid,0.00687,,ok,6289.88,indice_last_ou_close,20260617_131429,snap1
20260717,6225.0,P,71.0,71.7,86.4,71.35,mid,0.00981,,ok,6289.88,indice_last_ou_close,20260617_131429,snap1
20260717,6250.0,C,128.9,129.9,109.4,129.4,mid,0.00773,,ok,6289.88,indice_last_ou_close,20260617_131429,snap1
20260717,6250.0,P,79.7,80.5,96.7,80.1,mid,0.00999,,ok,6289.88,indice_last_ou_close,20260617_131429,snap1
20260717,6275.0,C,113.8,114.7,95.8,114.25,mid,0.00788,,ok,6289.88,indice_last_ou_close,20260617_131429,snap1
20260717,6275.0,P,89.5,90.2,108.0,89.85,mid,0.00779,,ok,6289.88,indice_last_ou_close,20260617_131429,snap1
20260717,6300.0,C,99.7,100.5,83.3,100.1,mid,0.00799,,ok,6289.88,indice_last_ou_close,20260617_131429,snap1
20260717,6300.0,P,100.3,101.0,120.4,100.65,mid,0.00695,,ok,6289.88,indice_last_ou_close,20260617_131429,snap1
20260717,6325.0,C,86.7,87.4,71.8,87.05000000000001,mid,0.00804,,ok,6289.88,indice_last_ou_close,20260617_131429,snap1
20260717,6325.0,P,112.2,112.9,133.9,112.55000000000001,mid,0.00622,,ok,6289.88,indice_last_ou_close,20260617_131429,snap1
20260717,6350.0,C,74.8,75.5,61.3,75.15,mid,0.00931,,ok,6289.88,indice_last_ou_close,20260617_131429,snap1
20260717,6350.0,P,125.2,126.0,148.4,125.6,mid,0.00637,,ok,6289.88,indice_last_ou_close,20260617_131429,snap1
20260717,6375.0,C,64.1,64.8,52.0,64.44999999999999,mid,0.01086,,ok,6289.88,indice_last_ou_close,20260617_131429,snap1
20260717,6375.0,P,139.4,140.3,164.0,139.85000000000002,mid,0.00644,,ok,6289.88,indice_last_ou_close,20260617_131429,snap1
20260717,6400.0,C,54.4,55.1,43.6,54.75,mid,0.01279,,ok,6289.88,indice_last_ou_close,20260617_131429,snap1
20260717,6400.0,P,154.1,155.9,180.6,155.0,mid,0.01161,,ok,6289.88,indice_last_ou_close,20260617_131429,snap1
20260717,6425.0,C,45.9,46.5,36.3,46.2,mid,0.01299,,ok,6289.88,indice_last_ou_close,20260617_131429,snap1
20260717,6425.0,P,170.2,172.1,198.2,171.14999999999998,mid,0.0111,,ok,6289.88,indice_last_ou_close,20260617_131429,snap1
20260717,6450.0,C,38.3,38.9,29.9,38.599999999999994,mid,0.01554,,ok,6289.88,indice_last_ou_close,20260617_131429,snap1
20260717,6450.0,P,187.7,189.7,216.8,188.7,mid,0.0106,,ok,6289.88,indice_last_ou_close,20260617_131429,snap1
20260717,6475.0,C,31.7,32.2,24.5,31.950000000000003,mid,0.01565,,ok,6289.88,indice_last_ou_close,20260617_131429,snap1
20260717,6475.0,P,205.9,208.0,236.3,206.95,mid,0.01015,,ok,6289.88,indice_last_ou_close,20260617_131429,snap1
20260717,6500.0,C,25.9,26.5,19.9,26.2,mid,0.0229,,ok,6289.88,indice_last_ou_close,20260617_131429,snap1
20260717,6500.0,P,225.1,227.3,256.7,226.2,mid,0.00973,,ok,6289.88,indice_last_ou_close,20260617_131429,snap1
20260717,6525.0,C,21.1,21.6,16.1,21.35,mid,0.02342,,ok,6289.88,indice_last_ou_close,20260617_131429,snap1
20260717,6525.0,P,245.2,247.6,277.8,246.39999999999998,mid,0.00974,,ok,6289.88,indice_last_ou_close,20260617_131429,snap1
20260717,6550.0,C,17.0,17.5,12.9,17.25,mid,0.02899,,ok,6289.88,indice_last_ou_close,20260617_131429,snap1
20260717,6550.0,P,265.2,269.7,299.6,267.45,mid,0.01683,,ok,6289.88,indice_last_ou_close,20260617_131429,snap1
20260717,6575.0,C,13.6,14.1,10.3,13.85,mid,0.0361,,ok,6289.88,indice_last_ou_close,20260617_131429,snap1
20260717,6575.0,P,287.1,291.1,322.0,289.1,mid,0.01384,,ok,6289.88,indice_last_ou_close,20260617_131429,snap1
20260717,6600.0,C,10.8,11.3,8.2,11.05,mid,0.04525,,ok,6289.88,indice_last_ou_close,20260617_131429,snap1
20260717,6600.0,P,308.5,313.9,344.8,311.2,mid,0.01735,,ok,6289.88,indice_last_ou_close,20260617_131429,snap1
