echeance,strike,type,spot,capture_ts,T_annees,prix_utilise,source_prix,iv_calculee,statut,iv_ibkr,ecart_iv,delta,gamma,vega,theta_jour,gardee,raison_rejet
20260619,6000.0,C,6289.88,20260617_131429,0.0055,290.0,mid,0.2554,ok,0.2925941230072776,-0.0372,0.9937,0.000146,0.081,-0.458,False,rejet_ITM (on garde l'OTM a ce strike)
20260619,6000.0,P,6289.88,20260617_131429,0.0055,0.55,mid,0.2836,ok,0.2925941230072776,-0.009,-0.012,0.000236,0.145,-1.029,True,ok
20260619,6025.0,C,6289.88,20260617_131429,0.0055,265.1,mid,0.2452,ok,0.2766333636519365,-0.0315,0.9911,0.000206,0.11,-0.616,False,rejet_ITM (on garde l'OTM a ce strike)
20260619,6025.0,P,6289.88,20260617_131429,0.0055,0.65,mid,0.2678,ok,0.2766333636519365,-0.0088,-0.0146,0.000297,0.173,-1.157,True,ok
20260619,6050.0,C,6289.88,20260617_131429,0.0055,240.2,mid,0.2318,ok,0.2594930989825637,-0.0277,0.9883,0.000278,0.14,-0.757,False,rejet_ITM (on garde l'OTM a ce strike)
20260619,6050.0,P,6289.88,20260617_131429,0.0055,0.7,mid,0.2481,ok,0.2594930989825637,-0.0114,-0.0168,0.000361,0.194,-1.204,True,ok
20260619,6075.0,C,6289.88,20260617_131429,0.0055,215.35,mid,0.219,ok,0.2412780574037221,-0.0223,0.9841,0.000386,0.183,-0.953,False,rejet_ITM (on garde l'OTM a ce strike)
20260619,6075.0,P,6289.88,20260617_131429,0.0055,0.9,mid,0.2342,ok,0.2412780574037221,-0.007,-0.0221,0.000482,0.245,-1.435,True,ok
20260619,6100.0,C,6289.88,20260617_131429,0.0055,190.6,mid,0.2076,ok,0.2227020081436147,-0.0151,0.9772,0.000556,0.25,-1.249,False,rejet_ITM (on garde l'OTM a ce strike)
20260619,6100.0,P,6289.88,20260617_131429,0.0055,1.15,mid,0.2194,ok,0.2227020081436147,-0.0033,-0.029,0.000648,0.308,-1.692,True,ok
20260619,6125.0,C,6289.88,20260617_131429,0.0055,165.9,mid,0.1938,ok,0.2055609708148012,-0.0118,0.9683,0.000786,0.33,-1.553,False,rejet_ITM (on garde l'OTM a ce strike)
20260619,6125.0,P,6289.88,20260617_131429,0.0055,1.4500000000000002,mid,0.2031,ok,0.2055609708148012,-0.0025,-0.0381,0.000875,0.385,-1.958,True,ok
20260619,6150.0,C,6289.88,20260617_131429,0.0055,141.55,mid,0.1843,ok,0.1922836678411144,-0.008,0.9508,0.001183,0.473,-2.134,False,rejet_ITM (on garde l'OTM a ce strike)
20260619,6150.0,P,6289.88,20260617_131429,0.0055,2.05,mid,0.1902,ok,0.1922836678411144,-0.0021,-0.0544,0.001245,0.513,-2.442,True,ok
20260619,6175.0,C,6289.88,20260617_131429,0.0055,117.65,mid,0.1756,ok,0.1834215181104555,-0.0078,0.9226,0.00177,0.674,-2.917,False,rejet_ITM (on garde l'OTM a ce strike)
20260619,6175.0,P,6289.88,20260617_131429,0.0055,3.15,mid,0.1798,ok,0.1834215181104555,-0.0036,-0.0822,0.001812,0.706,-3.177,True,ok
20260619,6200.0,C,6289.88,20260617_131429,0.0055,95.15,mid,0.1741,ok,0.1759738332510885,-0.0018,0.8689,0.002621,0.99,-4.27,False,rejet_ITM (on garde l'OTM a ce strike)
20260619,6200.0,P,6289.88,20260617_131429,0.0055,5.15,mid,0.1721,ok,0.1759738332510885,-0.0039,-0.1281,0.002613,0.975,-4.197,True,ok
20260619,6225.0,C,6289.88,20260617_131429,0.0055,73.05,mid,0.1636,ok,0.1662759507530309,-0.0027,0.8054,0.003614,1.281,-5.206,False,rejet_ITM (on garde l'OTM a ce strike)
20260619,6225.0,P,6289.88,20260617_131429,0.0055,8.45,mid,0.1651,ok,0.1662759507530309,-0.0011,-0.1967,0.003604,1.29,-5.333,True,ok
20260619,6250.0,C,6289.88,20260617_131429,0.0055,53.3,mid,0.1576,ok,0.159728713592489,-0.0021,0.7087,0.004672,1.596,-6.262,False,rejet_ITM (on garde l'OTM a ce strike)
20260619,6250.0,P,6289.88,20260617_131429,0.0055,13.8,mid,0.1595,ok,0.159728713592489,-0.0002,-0.2933,0.004632,1.602,-6.398,True,ok
20260619,6275.0,C,6289.88,20260617_131429,0.0055,36.400000000000006,mid,0.153,ok,0.1564519249672287,-0.0034,0.5845,0.005472,1.815,-6.92,False,rejet_ITM (on garde l'OTM a ce strike)
20260619,6275.0,P,6289.88,20260617_131429,0.0055,21.85,mid,0.1544,ok,0.1564519249672287,-0.002,-0.416,0.005424,1.816,-7.024,True,ok
20260619,6300.0,C,6289.88,20260617_131429,0.0055,22.9,mid,0.149,ok,0.1509228415283737,-0.0019,0.4438,0.005692,1.839,-6.833,True,ok
20260619,6300.0,P,6289.88,20260617_131429,0.0055,33.35,mid,0.1504,ok,0.1509228415283737,-0.0005,-0.5555,0.005639,1.839,-6.933,False,rejet_ITM (on garde l'OTM a ce strike)
20260619,6325.0,C,6289.88,20260617_131429,0.0055,13.3,mid,0.147,ok,0.148582363894717,-0.0016,0.3059,0.005125,1.633,-5.988,True,ok
20260619,6325.0,P,6289.88,20260617_131429,0.0055,48.65,mid,0.148,ok,0.148582363894717,-0.0006,-0.6927,0.005099,1.636,-6.072,False,rejet_ITM (on garde l'OTM a ce strike)
20260619,6350.0,C,6289.88,20260617_131429,0.0055,6.95,mid,0.1448,ok,0.1491698768760869,-0.0043,0.1886,0.004006,1.258,-4.546,True,ok
20260619,6350.0,P,6289.88,20260617_131429,0.0055,97.1,close,0.3347,ok,0.1491698768760869,0.1855,-0.645,0.002389,1.733,-14.514,False,rejet_ITM (on garde l'OTM a ce strike)
20260619,6375.0,C,6289.88,20260617_131429,0.0055,2.0,close,0.1264,ok,0.1464030510847427,-0.02,0.076,0.002428,0.665,-2.101,True,ok
20260619,6375.0,P,6289.88,20260617_131429,0.0055,120.0,close,0.3703,ok,0.1464030510847427,0.2239,-0.6832,0.002065,1.657,-15.358,False,rejet_ITM (on garde l'OTM a ce strike)
20260619,6400.0,C,6289.88,20260617_131429,0.0055,1.1,close,0.136,ok,0.145953425596156,-0.0099,0.0427,0.001436,0.423,-1.438,True,ok
20260619,6400.0,P,6289.88,20260617_131429,0.0055,144.0,close,0.4092,ok,0.145953425596156,0.2632,-0.7115,0.001792,1.589,-16.268,False,rejet_ITM (on garde l'OTM a ce strike)
20260619,6425.0,C,6289.88,20260617_131429,0.0055,0.7,close,0.1483,ok,0.1520321684113884,-0.0037,0.0267,0.000894,0.287,-1.065,True,ok
20260619,6425.0,P,6289.88,20260617_131429,0.0055,168.6,close,0.4494,ok,0.1520321684113884,0.2973,-0.7331,0.00157,1.53,-17.198,False,rejet_ITM (on garde l'OTM a ce strike)
20260619,6450.0,C,6289.88,20260617_131429,0.0055,0.5,close,0.1621,ok,0.1634439776128587,-0.0013,0.0183,0.000595,0.209,-0.847,True,ok
20260619,6450.0,P,6289.88,20260617_131429,0.0055,193.4,close,0.4891,ok,0.1634439776128587,0.3256,-0.7505,0.001393,1.477,-18.072,False,rejet_ITM (on garde l'OTM a ce strike)
20260619,6475.0,C,6289.88,20260617_131429,0.0055,0.3,close,0.1708,ok,0.1767286400369436,-0.0059,0.0111,0.000366,0.135,-0.578,False,rejet_prix_trop_faible
20260619,6475.0,P,6289.88,20260617_131429,0.0055,218.3,close,0.528,ok,0.1767286400369436,0.3513,-0.765,0.001249,1.43,-18.888,False,rejet_ITM (on garde l'OTM a ce strike)
20260619,6500.0,C,6289.88,20260617_131429,0.0055,0.3,close,0.1904,ok,0.1892246016139733,0.0012,0.01,0.000301,0.124,-0.592,False,rejet_prix_trop_faible
20260619,6500.0,P,6289.88,20260617_131429,0.0055,243.2,close,0.5658,ok,0.1892246016139733,0.3765,-0.7774,0.001131,1.387,-19.626,False,rejet_ITM (on garde l'OTM a ce strike)
20260619,6525.0,C,6289.88,20260617_131429,0.0055,0.2,close,0.1997,ok,0.1993429202116547,0.0004,0.0066,0.0002,0.087,-0.433,False,rejet_prix_trop_faible
20260619,6525.0,P,6289.88,20260617_131429,0.0055,268.2,close,0.6032,ok,0.1993429202116547,0.4038,-0.788,0.001031,1.349,-20.343,False,rejet_ITM (on garde l'OTM a ce strike)
20260619,6550.0,C,6289.88,20260617_131429,0.0055,0.2,close,0.218,ok,0.2066092357956585,0.0114,0.0061,0.000171,0.081,-0.44,False,rejet_prix_trop_faible
20260619,6550.0,P,6289.88,20260617_131429,0.0055,293.1,close,0.6389,ok,0.2066092357956585,0.4323,-0.7975,0.000947,1.312,-20.965,False,rejet_ITM (on garde l'OTM a ce strike)
20260619,6575.0,C,6289.88,20260617_131429,0.0055,0.2,close,0.236,ok,0.2112324933958359,0.0248,0.0057,0.000148,0.076,-0.447,False,rejet_prix_trop_faible
20260619,6575.0,P,6289.88,20260617_131429,0.0055,318.1,close,0.6746,ok,0.2112324933958359,0.4634,-0.8058,0.000875,1.28,-21.585,False,rejet_ITM (on garde l'OTM a ce strike)
20260619,6600.0,C,6289.88,20260617_131429,0.0055,0.1,close,0.2362,ok,0.2136685205974322,0.0225,0.003,8.4e-05,0.043,-0.253,False,rejet_prix_trop_faible
20260619,6600.0,P,6289.88,20260617_131429,0.0055,343.1,close,0.7096,ok,0.2136685205974322,0.4959,-0.8132,0.000812,1.25,-22.167,False,rejet_ITM (on garde l'OTM a ce strike)
20260626,6000.0,C,6289.88,20260617_131429,0.0247,297.5,mid,0.2183,ok,0.1812790332064145,0.037,0.9174,0.000701,1.494,-1.755,False,rejet_ITM (on garde l'OTM a ce strike)
20260626,6000.0,P,6289.88,20260617_131429,0.0247,3.25,mid,0.1781,ok,0.1812790332064145,-0.0032,-0.0446,0.000535,0.929,-0.92,True,ok
20260626,6025.0,C,6289.88,20260617_131429,0.0247,273.1,mid,0.2073,ok,0.1751507497955262,0.0321,0.9086,0.000797,1.611,-1.802,False,rejet_ITM (on garde l'OTM a ce strike)
20260626,6025.0,P,6289.88,20260617_131429,0.0247,3.9,mid,0.1716,ok,0.1751507497955262,-0.0035,-0.0538,0.000645,1.08,-1.031,True,ok
20260626,6050.0,C,6289.88,20260617_131429,0.0247,248.95,mid,0.1971,ok,0.169336964042526,0.0278,0.8973,0.000914,1.757,-1.873,False,rejet_ITM (on garde l'OTM a ce strike)
20260626,6050.0,P,6289.88,20260617_131429,0.0247,4.75,mid,0.1655,ok,0.169336964042526,-0.0039,-0.0658,0.000783,1.263,-1.163,True,ok
20260626,6075.0,C,6289.88,20260617_131429,0.0247,225.1,mid,0.1877,ok,0.1638573938565413,0.0238,0.8828,0.001056,1.934,-1.968,False,rejet_ITM (on garde l'OTM a ce strike)
20260626,6075.0,P,6289.88,20260617_131429,0.0247,5.85,mid,0.1595,ok,0.1638573938565413,-0.0044,-0.0809,0.000952,1.481,-1.314,True,ok
20260626,6100.0,C,6289.88,20260617_131429,0.0247,201.45,mid,0.1781,ok,0.1587256712034317,0.0194,0.8654,0.001226,2.131,-2.063,False,rejet_ITM (on garde l'OTM a ce strike)
20260626,6100.0,P,6289.88,20260617_131429,0.0247,7.449999999999999,mid,0.1547,ok,0.1587256712034317,-0.004,-0.1016,0.001162,1.753,-1.51,True,ok
20260626,6125.0,C,6289.88,20260617_131429,0.0247,178.55,mid,0.1705,ok,0.1539439111156237,0.0166,0.8415,0.00143,2.38,-2.211,False,rejet_ITM (on garde l'OTM a ce strike)
20260626,6125.0,P,6289.88,20260617_131429,0.0247,9.4,mid,0.1494,ok,0.1539439111156237,-0.0046,-0.1266,0.001407,2.051,-1.706,True,ok
20260626,6150.0,C,6289.88,20260617_131429,0.0247,156.7,mid,0.1651,ok,0.1494974560954806,0.0156,0.8095,0.001662,2.677,-2.415,False,rejet_ITM (on garde l'OTM a ce strike)
20260626,6150.0,P,6289.88,20260617_131429,0.0247,12.05,mid,0.1447,ok,0.1494974560954806,-0.0048,-0.1588,0.001693,2.391,-1.927,True,ok
20260626,6175.0,C,6289.88,20260617_131429,0.0247,135.05,mid,0.1579,ok,0.1453498899130276,0.0126,0.7739,0.001924,2.964,-2.563,False,rejet_ITM (on garde l'OTM a ce strike)
20260626,6175.0,P,6289.88,20260617_131429,0.0247,15.6,mid,0.1406,ok,0.1453498899130276,-0.0047,-0.1993,0.002011,2.758,-2.16,True,ok
20260626,6200.0,C,6289.88,20260617_131429,0.0247,114.65,mid,0.1522,ok,0.1414681121296005,0.0107,0.7292,0.002199,3.265,-2.726,False,rejet_ITM (on garde l'OTM a ce strike)
20260626,6200.0,P,6289.88,20260617_131429,0.0247,20.15,mid,0.1366,ok,0.1414681121296005,-0.0049,-0.2482,0.002346,3.125,-2.378,True,ok
20260626,6225.0,C,6289.88,20260617_131429,0.0247,95.45,mid,0.1469,ok,0.1378265436129477,0.009,0.6763,0.002473,3.544,-2.86,False,rejet_ITM (on garde l'OTM a ce strike)
20260626,6225.0,P,6289.88,20260617_131429,0.0247,25.9,mid,0.1325,ok,0.1378265436129477,-0.0053,-0.3061,0.002679,3.464,-2.558,True,ok
20260626,6250.0,C,6289.88,20260617_131429,0.0247,77.75,mid,0.1421,ok,0.1344230238076814,0.0077,0.6151,0.00272,3.771,-2.949,False,rejet_ITM (on garde l'OTM a ce strike)
20260626,6250.0,P,6289.88,20260617_131429,0.0247,33.2,mid,0.1287,ok,0.1344230238076814,-0.0057,-0.3733,0.002976,3.738,-2.684,True,ok
20260626,6275.0,C,6289.88,20260617_131429,0.0247,61.75,mid,0.1377,ok,0.132750859799879,0.005,0.5466,0.00291,3.91,-2.968,False,rejet_ITM (on garde l'OTM a ce strike)
20260626,6275.0,P,6289.88,20260617_131429,0.0247,42.25,mid,0.1251,ok,0.1312756636208217,-0.0062,-0.4488,0.003201,3.905,-2.726,True,ok
20260626,6300.0,C,6289.88,20260617_131429,0.0247,47.8,mid,0.1341,ok,0.1284163395627692,0.0057,0.4725,0.003002,3.928,-2.907,True,ok
20260626,6300.0,P,6289.88,20260617_131429,0.0247,53.25,mid,0.1215,ok,0.1284163395627692,-0.007,-0.5304,0.003313,3.925,-2.663,False,rejet_ITM (on garde l'OTM a ce strike)
20260626,6325.0,C,6289.88,20260617_131429,0.0247,36.0,mid,0.1312,ok,0.1266382492491155,0.0045,0.3962,0.002973,3.804,-2.755,True,ok
20260626,6325.0,P,6289.88,20260617_131429,0.0247,66.3,mid,0.1177,ok,0.1259108844829569,-0.0082,-0.6154,0.003283,3.77,-2.481,False,rejet_ITM (on garde l'OTM a ce strike)
20260626,6350.0,C,6289.88,20260617_131429,0.0247,26.200000000000003,mid,0.1284,ok,0.1236923397555305,0.0047,0.321,0.002823,3.535,-2.508,True,ok
20260626,6350.0,P,6289.88,20260617_131429,0.0247,81.6,mid,0.1141,ok,0.1236923397555305,-0.0096,-0.6996,0.003083,3.431,-2.191,False,rejet_ITM (on garde l'OTM a ce strike)
20260626,6375.0,C,6289.88,20260617_131429,0.0247,18.45,mid,0.126,ok,0.1217734469759069,0.0043,0.2506,0.002555,3.142,-2.189,True,ok
20260626,6375.0,P,6289.88,20260617_131429,0.0247,98.85,mid,0.1097,ok,0.1195196880589047,-0.0099,-0.7802,0.002726,2.916,-1.795,False,rejet_ITM (on garde l'OTM a ce strike)
20260626,6400.0,C,6289.88,20260617_131429,0.0247,12.35,mid,0.1233,ok,0.1206558553628722,0.0026,0.1868,0.002204,2.651,-1.809,True,ok
20260626,6400.0,P,6289.88,20260617_131429,0.0247,117.6,mid,0.1024,ok,0.1176680039153791,-0.0152,-0.8579,0.002213,2.212,-1.279,False,rejet_ITM (on garde l'OTM a ce strike)
20260626,6425.0,C,6289.88,20260617_131429,0.0247,8.05,mid,0.1215,ok,0.1193950966386332,0.0021,0.1341,0.0018,2.134,-1.435,True,ok
20260626,6425.0,P,6289.88,20260617_131429,0.0247,138.6,mid,0.095,ok,0.1193950966386332,-0.0244,-0.9215,0.001549,1.436,-0.779,False,rejet_ITM (on garde l'OTM a ce strike)
20260626,6450.0,C,6289.88,20260617_131429,0.0247,5.15,mid,0.1206,ok,0.118060013890737,0.0026,0.0933,0.0014,1.647,-1.1,True,ok
20260626,6450.0,P,6289.88,20260617_131429,0.0247,160.64999999999998,mid,0.0724,ok,0.1190514502232537,-0.0466,-0.9857,0.000485,0.343,-0.159,False,rejet_ITM (on garde l'OTM a ce strike)
20260626,6475.0,C,6289.88,20260617_131429,0.0247,3.15,mid,0.1196,ok,0.1171974415348075,0.0024,0.062,0.001035,1.207,-0.8,True,ok
20260626,6475.0,P,6289.88,20260617_131429,0.0247,183.65,mid,,rejet: prix < valeur intrinseque,0.1192680755216825,,,,,,False,rejet_ITM (on garde l'OTM a ce strike)
20260626,6500.0,C,6289.88,20260617_131429,0.0247,1.95,mid,0.1198,ok,0.1200596061617722,-0.0002,0.0409,0.000742,0.867,-0.576,True,ok
20260626,6500.0,P,6289.88,20260617_131429,0.0247,207.5,mid,,rejet: prix < valeur intrinseque,0.1080537681258161,,,,,,False,rejet_ITM (on garde l'OTM a ce strike)
20260626,6525.0,C,6289.88,20260617_131429,0.0247,1.2,mid,0.1205,ok,0.1187486245071229,0.0018,0.0266,0.000518,0.608,-0.406,True,ok
20260626,6525.0,P,6289.88,20260617_131429,0.0247,231.7,mid,,rejet: prix < valeur intrinseque,0.0991868815899139,,,,,,False,rejet_ITM (on garde l'OTM a ce strike)
20260626,6550.0,C,6289.88,20260617_131429,0.0247,0.8,mid,0.123,ok,0.1213624587748527,0.0016,0.0183,0.000369,0.442,-0.302,True,ok
20260626,6550.0,P,6289.88,20260617_131429,0.0247,256.25,mid,,rejet: prix < valeur intrinseque,,,,,,,False,rejet_ITM (on garde l'OTM a ce strike)
20260626,6575.0,C,6289.88,20260617_131429,0.0247,0.55,mid,0.126,ok,0.125549055041077,0.0005,0.0128,0.000265,0.326,-0.227,True,ok
20260626,6575.0,P,6289.88,20260617_131429,0.0247,281.0,mid,,rejet: prix < valeur intrinseque,,,,,,,False,rejet_ITM (on garde l'OTM a ce strike)
20260626,6600.0,C,6289.88,20260617_131429,0.0247,0.4499999999999999,mid,0.1318,ok,0.1288591364136238,0.003,0.0102,0.000209,0.269,-0.196,False,rejet_prix_trop_faible
20260626,6600.0,P,6289.88,20260617_131429,0.0247,,aucun_prix,,rejet: pas de prix exploitable,,,,,,,False,rejet_ITM (on garde l'OTM a ce strike)
20260630,6000.0,C,6289.88,20260617_131429,0.0356,298.95000000000005,mid,0.1905,ok,0.1671008122458215,0.0234,0.9069,0.000729,1.958,-1.379,False,rejet_ITM (on garde l'OTM a ce strike)
20260630,6000.0,P,6289.88,20260617_131429,0.0356,5.5,mid,0.1654,ok,0.1671008122458215,-0.0017,-0.0636,0.000635,1.48,-0.943,True,ok
20260630,6025.0,C,6289.88,20260617_131429,0.0356,274.95000000000005,mid,0.1826,ok,0.1620602109764435,0.0205,0.8958,0.000827,2.129,-1.442,False,rejet_ITM (on garde l'OTM a ce strike)
20260630,6025.0,P,6289.88,20260617_131429,0.0356,6.5,mid,0.1601,ok,0.1620602109764435,-0.0019,-0.0754,0.000747,1.686,-1.04,True,ok
20260630,6050.0,C,6289.88,20260617_131429,0.0356,251.25,mid,0.1753,ok,0.1572325221327023,0.018,0.8819,0.000944,2.33,-1.52,False,rejet_ITM (on garde l'OTM a ce strike)
20260630,6050.0,P,6289.88,20260617_131429,0.0356,7.7,mid,0.1547,ok,0.1572325221327023,-0.0025,-0.0894,0.00088,1.918,-1.144,True,ok
20260630,6075.0,C,6289.88,20260617_131429,0.0356,227.85,mid,0.1682,ok,0.1526213537018285,0.0156,0.8652,0.00108,2.559,-1.607,False,rejet_ITM (on garde l'OTM a ce strike)
20260630,6075.0,P,6289.88,20260617_131429,0.0356,9.2,mid,0.1495,ok,0.1526213537018285,-0.0031,-0.1067,0.001036,2.183,-1.258,True,ok
20260630,6100.0,C,6289.88,20260617_131429,0.0356,204.75,mid,0.1612,ok,0.1482282986511034,0.013,0.8453,0.001237,2.81,-1.696,False,rejet_ITM (on garde l'OTM a ce strike)
20260630,6100.0,P,6289.88,20260617_131429,0.0356,11.35,mid,0.1455,ok,0.1482282986511034,-0.0027,-0.1297,0.001222,2.506,-1.406,True,ok
20260630,6125.0,C,6289.88,20260617_131429,0.0356,182.65,mid,0.1562,ok,0.1440532664079257,0.0121,0.8186,0.001416,3.117,-1.829,False,rejet_ITM (on garde l'OTM a ce strike)
20260630,6125.0,P,6289.88,20260617_131429,0.0356,13.9,mid,0.1411,ok,0.1440532664079257,-0.0029,-0.1566,0.001431,2.846,-1.549,True,ok
20260630,6150.0,C,6289.88,20260617_131429,0.0356,160.65,mid,0.1498,ok,0.1400948944733666,0.0097,0.7893,0.001618,3.415,-1.927,False,rejet_ITM (on garde l'OTM a ce strike)
20260630,6150.0,P,6289.88,20260617_131429,0.0356,17.049999999999997,mid,0.1368,ok,0.1400948944733666,-0.0033,-0.1888,0.001664,3.207,-1.692,True,ok
20260630,6175.0,C,6289.88,20260617_131429,0.0356,139.75,mid,0.1447,ok,0.1363510489344284,0.0083,0.7528,0.001834,3.738,-2.043,False,rejet_ITM (on garde l'OTM a ce strike)
20260630,6175.0,P,6289.88,20260617_131429,0.0356,21.15,mid,0.133,ok,0.1363510489344284,-0.0034,-0.2281,0.001914,3.586,-1.84,True,ok
20260630,6200.0,C,6289.88,20260617_131429,0.0356,119.75,mid,0.1398,ok,0.1328201576571965,0.0069,0.7101,0.002058,4.052,-2.144,False,rejet_ITM (on garde l'OTM a ce strike)
20260630,6200.0,P,6289.88,20260617_131429,0.0356,26.2,mid,0.1292,ok,0.1328201576571965,-0.0036,-0.2741,0.00217,3.952,-1.972,True,ok
20260630,6225.0,C,6289.88,20260617_131429,0.0356,100.85,mid,0.135,ok,0.1295079782381505,0.0055,0.6608,0.002279,4.337,-2.221,False,rejet_ITM (on garde l'OTM a ce strike)
20260630,6225.0,P,6289.88,20260617_131429,0.0356,32.4,mid,0.1256,ok,0.1295079782381505,-0.0039,-0.3273,0.00242,4.282,-2.076,True,ok
20260630,6250.0,C,6289.88,20260617_131429,0.0356,83.65,mid,0.1314,ok,0.126445381886087,0.005,0.6042,0.002465,4.566,-2.28,False,rejet_ITM (on garde l'OTM a ce strike)
20260630,6250.0,P,6289.88,20260617_131429,0.0356,40.0,mid,0.1221,ok,0.126445381886087,-0.0044,-0.3876,0.002641,4.543,-2.143,True,ok
20260630,6275.0,C,6289.88,20260617_131429,0.0356,68.0,mid,0.1281,ok,0.1236943024894104,0.0044,0.542,0.002606,4.703,-2.293,False,rejet_ITM (on garde l'OTM a ce strike)
20260630,6275.0,P,6289.88,20260617_131429,0.0356,49.3,mid,0.119,ok,0.1236943024894104,-0.0047,-0.4543,0.002803,4.7,-2.162,True,ok
20260630,6300.0,C,6289.88,20260617_131429,0.0356,54.05,mid,0.125,ok,0.121306572434468,0.0037,0.4758,0.002681,4.722,-2.249,True,ok
20260630,6300.0,P,6289.88,20260617_131429,0.0356,60.35,mid,0.116,ok,0.121306572434468,-0.0053,-0.5256,0.002888,4.72,-2.119,False,rejet_ITM (on garde l'OTM a ce strike)
20260630,6325.0,C,6289.88,20260617_131429,0.0356,42.1,mid,0.1226,ok,0.1192774364328662,0.0033,0.4077,0.002666,4.604,-2.153,True,ok
20260630,6325.0,P,6289.88,20260617_131429,0.0356,73.35,mid,0.1133,ok,0.1192774364328662,-0.006,-0.5992,0.00287,4.581,-2.01,False,rejet_ITM (on garde l'OTM a ce strike)
20260630,6350.0,C,6289.88,20260617_131429,0.0356,32.1,mid,0.1207,ok,0.1175553672764493,0.0031,0.3407,0.002559,4.35,-2.004,True,ok
20260630,6350.0,P,6289.88,20260617_131429,0.0356,88.4,mid,0.1109,ok,0.1159080182511912,-0.005,-0.6719,0.002738,4.28,-1.842,False,rejet_ITM (on garde l'OTM a ce strike)
20260630,6375.0,C,6289.88,20260617_131429,0.0356,23.9,mid,0.119,ok,0.1170116883321953,0.002,0.2771,0.002369,3.974,-1.807,True,ok
20260630,6375.0,P,6289.88,20260617_131429,0.0356,105.1,mid,0.1081,ok,0.1141737247823365,-0.0061,-0.7421,0.002511,3.823,-1.606,False,rejet_ITM (on garde l'OTM a ce strike)
20260630,6400.0,C,6289.88,20260617_131429,0.0356,17.299999999999997,mid,0.1175,ok,0.1154743981859165,0.002,0.2189,0.002117,3.503,-1.573,True,ok
20260630,6400.0,P,6289.88,20260617_131429,0.0356,123.25,mid,0.1041,ok,0.112975226476841,-0.0089,-0.8089,0.002195,3.219,-1.307,False,rejet_ITM (on garde l'OTM a ce strike)
20260630,6425.0,C,6289.88,20260617_131429,0.0356,12.3,mid,0.1165,ok,0.1142860222656341,0.0022,0.1685,0.001819,2.986,-1.331,True,ok
20260630,6425.0,P,6289.88,20260617_131429,0.0356,143.35,mid,0.1007,ok,0.1108830882203483,-0.0102,-0.8661,0.001795,2.547,-1.005,False,rejet_ITM (on garde l'OTM a ce strike)
20260630,6450.0,C,6289.88,20260617_131429,0.0356,8.5,mid,0.1155,ok,0.1134686086543707,0.002,0.1258,0.001508,2.454,-1.085,True,ok
20260630,6450.0,P,6289.88,20260617_131429,0.0356,164.6,mid,0.0954,ok,0.1095732887180462,-0.0141,-0.9168,0.001337,1.798,-0.678,False,rejet_ITM (on garde l'OTM a ce strike)
20260630,6475.0,C,6289.88,20260617_131429,0.0356,5.65,mid,0.1143,ok,0.1129382660581389,0.0014,0.0905,0.001201,1.935,-0.847,True,ok
20260630,6475.0,P,6289.88,20260617_131429,0.0356,186.7,mid,0.0841,ok,0.1073074731040012,-0.0232,-0.9649,0.000756,0.895,-0.307,False,rejet_ITM (on garde l'OTM a ce strike)
20260630,6500.0,C,6289.88,20260617_131429,0.0356,3.8,mid,0.1143,ok,0.1136318286298778,0.0007,0.0647,0.000931,1.5,-0.657,True,ok
20260630,6500.0,P,6289.88,20260617_131429,0.0356,209.8,mid,,rejet: prix < valeur intrinseque,0.1048617924124512,,,,,,False,rejet_ITM (on garde l'OTM a ce strike)
20260630,6525.0,C,6289.88,20260617_131429,0.0356,2.55,mid,0.1148,ok,0.1130999110866319,0.0017,0.0458,0.000705,1.14,-0.502,True,ok
20260630,6525.0,P,6289.88,20260617_131429,0.0356,233.7,mid,,rejet: prix < valeur intrinseque,0.1040728769302093,,,,,,False,rejet_ITM (on garde l'OTM a ce strike)
20260630,6550.0,C,6289.88,20260617_131429,0.0356,1.65,mid,0.1149,ok,0.1142930270498581,0.0006,0.0313,0.000517,0.836,-0.368,True,ok
20260630,6550.0,P,6289.88,20260617_131429,0.0356,257.85,mid,,rejet: prix < valeur intrinseque,0.0996685401545414,,,,,,False,rejet_ITM (on garde l'OTM a ce strike)
20260630,6575.0,C,6289.88,20260617_131429,0.0356,1.15,mid,0.1167,ok,0.1148492599327791,0.0018,0.0224,0.000385,0.634,-0.283,True,ok
20260630,6575.0,P,6289.88,20260617_131429,0.0356,282.25,mid,,rejet: prix < valeur intrinseque,0.090193169822793,,,,,,False,rejet_ITM (on garde l'OTM a ce strike)
20260630,6600.0,C,6289.88,20260617_131429,0.0356,0.8,mid,0.1185,ok,0.1171685013402946,0.0014,0.016,0.000285,0.476,-0.216,True,ok
20260630,6600.0,P,6289.88,20260617_131429,0.0356,306.85,mid,,rejet: prix < valeur intrinseque,,,,,,,False,rejet_ITM (on garde l'OTM a ce strike)
20260703,6000.0,C,6289.88,20260617_131429,0.0438,304.70000000000005,mid,0.1962,ok,0.1708374806357277,0.0253,0.8772,0.00078,2.655,-1.572,False,rejet_ITM (on garde l'OTM a ce strike)
20260703,6000.0,P,6289.88,20260617_131429,0.0438,9.0,mid,0.1678,ok,0.1708374806357277,-0.003,-0.0871,0.000717,2.087,-1.097,True,ok
20260703,6025.0,C,6289.88,20260617_131429,0.0438,281.25,mid,0.1893,ok,0.1665570330429913,0.0227,0.8638,0.00087,2.855,-1.636,False,rejet_ITM (on garde l'OTM a ce strike)
20260703,6025.0,P,6289.88,20260617_131429,0.0438,10.5,mid,0.1633,ok,0.1665570330429913,-0.0033,-0.1014,0.000824,2.333,-1.193,True,ok
20260703,6050.0,C,6289.88,20260617_131429,0.0438,258.15,mid,0.1828,ok,0.1624505348419396,0.0204,0.848,0.000971,3.078,-1.708,False,rejet_ITM (on garde l'OTM a ce strike)
20260703,6050.0,P,6289.88,20260617_131429,0.0438,12.3,mid,0.1588,ok,0.1624505348419396,-0.0036,-0.1182,0.000946,2.605,-1.296,True,ok
20260703,6075.0,C,6289.88,20260617_131429,0.0438,236.05,mid,0.1785,ok,0.1585115175306642,0.02,0.8269,0.001083,3.352,-1.822,False,rejet_ITM (on garde l'OTM a ce strike)
20260703,6075.0,P,6289.88,20260617_131429,0.0438,14.55,mid,0.1547,ok,0.1585115175306642,-0.0038,-0.1385,0.001084,2.908,-1.41,True,ok
20260703,6100.0,C,6289.88,20260617_131429,0.0438,213.45,mid,0.1715,ok,0.1547324449187539,0.0168,0.8065,0.001209,3.596,-1.882,False,rejet_ITM (on garde l'OTM a ce strike)
20260703,6100.0,P,6289.88,20260617_131429,0.0438,17.299999999999997,mid,0.1509,ok,0.1547324449187539,-0.0039,-0.1624,0.001236,3.234,-1.529,True,ok
20260703,6125.0,C,6289.88,20260617_131429,0.0438,191.85,mid,0.1661,ok,0.1511062456461113,0.015,0.7808,0.001345,3.875,-1.969,False,rejet_ITM (on garde l'OTM a ce strike)
20260703,6125.0,P,6289.88,20260617_131429,0.0438,20.65,mid,0.1472,ok,0.1511062456461113,-0.004,-0.1906,0.001402,3.579,-1.65,True,ok
20260703,6150.0,C,6289.88,20260617_131429,0.0438,170.8,mid,0.1608,ok,0.1476283882660558,0.0131,0.7514,0.001491,4.157,-2.049,False,rejet_ITM (on garde l'OTM a ce strike)
20260703,6150.0,P,6289.88,20260617_131429,0.0438,24.65,mid,0.1435,ok,0.1476283882660558,-0.0042,-0.2231,0.001579,3.928,-1.767,True,ok
20260703,6175.0,C,6289.88,20260617_131429,0.0438,150.60000000000002,mid,0.1559,ok,0.1442991897173997,0.0116,0.7175,0.001642,4.438,-2.125,False,rejet_ITM (on garde l'OTM a ce strike)
20260703,6175.0,P,6289.88,20260617_131429,0.0438,29.4,mid,0.1398,ok,0.1442991897173997,-0.0045,-0.2602,0.001762,4.271,-1.872,True,ok
20260703,6200.0,C,6289.88,20260617_131429,0.0438,131.3,mid,0.1513,ok,0.1411256314782151,0.0101,0.679,0.001793,4.703,-2.189,False,rejet_ITM (on garde l'OTM a ce strike)
20260703,6200.0,P,6289.88,20260617_131429,0.0438,35.150000000000006,mid,0.1363,ok,0.1411256314782151,-0.0048,-0.3027,0.001943,4.594,-1.965,True,ok
20260703,6225.0,C,6289.88,20260617_131429,0.0438,113.1,mid,0.147,ok,0.1381213282734833,0.0089,0.6357,0.001936,4.936,-2.237,False,rejet_ITM (on garde l'OTM a ce strike)
20260703,6225.0,P,6289.88,20260617_131429,0.0438,41.9,mid,0.1329,ok,0.1381213282734833,-0.0053,-0.3502,0.002116,4.874,-2.032,True,ok
20260703,6250.0,C,6289.88,20260617_131429,0.0438,96.2,mid,0.1433,ok,0.1353018759774461,0.008,0.5878,0.002059,5.116,-2.263,False,rejet_ITM (on garde l'OTM a ce strike)
20260703,6250.0,P,6289.88,20260617_131429,0.0438,49.9,mid,0.1295,ok,0.1353018759774461,-0.0058,-0.4027,0.002267,5.091,-2.07,True,ok
20260703,6275.0,C,6289.88,20260617_131429,0.0438,80.6,mid,0.1397,ok,0.1326774361838701,0.0071,0.5361,0.002156,5.224,-2.256,False,rejet_ITM (on garde l'OTM a ce strike)
20260703,6275.0,P,6289.88,20260617_131429,0.0438,59.2,mid,0.1262,ok,0.1326774361838701,-0.0065,-0.4597,0.002386,5.22,-2.069,True,ok
20260703,6300.0,C,6289.88,20260617_131429,0.0438,66.5,mid,0.1366,ok,0.1302559612728577,0.0063,0.4814,0.002213,5.241,-2.215,True,ok
20260703,6300.0,P,6289.88,20260617_131429,0.0438,70.2,mid,0.1233,ok,0.1302559612728577,-0.007,-0.5203,0.00245,5.239,-2.031,False,rejet_ITM (on garde l'OTM a ce strike)
20260703,6325.0,C,6289.88,20260617_131429,0.0438,54.05,mid,0.1339,ok,0.1280425557637824,0.0058,0.4249,0.00222,5.155,-2.137,True,ok
20260703,6325.0,P,6289.88,20260617_131429,0.0438,82.6,mid,0.1201,ok,0.1280425557637824,-0.0079,-0.5832,0.002462,5.129,-1.939,False,rejet_ITM (on garde l'OTM a ce strike)
20260703,6350.0,C,6289.88,20260617_131429,0.0438,43.05,mid,0.1312,ok,0.1260369649297829,0.0052,0.368,0.002179,4.959,-2.017,True,ok
20260703,6350.0,P,6289.88,20260617_131429,0.0438,96.7,mid,0.1171,ok,0.1260369649297829,-0.0089,-0.6469,0.002404,4.882,-1.801,False,rejet_ITM (on garde l'OTM a ce strike)
20260703,6375.0,C,6289.88,20260617_131429,0.0438,33.8,mid,0.1291,ok,0.1242775699841607,0.0049,0.3127,0.002081,4.66,-1.867,True,ok
20260703,6375.0,P,6289.88,20260617_131429,0.0438,112.25,mid,0.1136,ok,0.1242775699841607,-0.0106,-0.7102,0.00228,4.493,-1.611,False,rejet_ITM (on garde l'OTM a ce strike)
20260703,6400.0,C,6289.88,20260617_131429,0.0438,25.95,mid,0.1271,ok,0.1227149006778085,0.0044,0.26,0.001937,4.268,-1.684,True,ok
20260703,6400.0,P,6289.88,20260617_131429,0.0438,129.4,mid,0.1099,ok,0.1227149006778085,-0.0128,-0.7712,0.002083,3.971,-1.38,False,rejet_ITM (on garde l'OTM a ce strike)
20260703,6425.0,C,6289.88,20260617_131429,0.0438,19.5,mid,0.1252,ok,0.121321004424802,0.0039,0.2112,0.001753,3.806,-1.48,True,ok
20260703,6425.0,P,6289.88,20260617_131429,0.0438,147.8,mid,0.1051,ok,0.121321004424802,-0.0163,-0.8301,0.001818,3.312,-1.104,False,rejet_ITM (on garde l'OTM a ce strike)
20260703,6450.0,C,6289.88,20260617_131429,0.0438,14.4,mid,0.1236,ok,0.1201198625347728,0.0035,0.1679,0.001541,3.305,-1.27,True,ok
20260703,6450.0,P,6289.88,20260617_131429,0.0438,168.3,mid,0.1017,ok,0.1201198625347728,-0.0184,-0.8786,0.001493,2.634,-0.853,False,rejet_ITM (on garde l'OTM a ce strike)
20260703,6475.0,C,6289.88,20260617_131429,0.0438,10.4,mid,0.1222,ok,0.1191617309420938,0.0031,0.1303,0.001316,2.789,-1.06,True,ok
20260703,6475.0,P,6289.88,20260617_131429,0.0438,188.65,mid,0.0903,ok,0.1191617309420938,-0.0289,-0.9357,0.00104,1.627,-0.476,False,rejet_ITM (on garde l'OTM a ce strike)
20260703,6500.0,C,6289.88,20260617_131429,0.0438,7.35,mid,0.121,ok,0.1185185685137536,0.0025,0.0987,0.001091,2.288,-0.861,True,ok
20260703,6500.0,P,6289.88,20260617_131429,0.0438,210.9,mid,0.0723,ok,0.1185185685137536,-0.0462,-0.9836,0.000398,0.5,-0.129,False,rejet_ITM (on garde l'OTM a ce strike)
20260703,6525.0,C,6289.88,20260617_131429,0.0438,5.2,mid,0.1205,ok,0.1177798903127344,0.0027,0.0741,0.000883,1.846,-0.692,True,ok
20260703,6525.0,P,6289.88,20260617_131429,0.0438,233.9,mid,,rejet: prix < valeur intrinseque,0.1182889241239652,,,,,,False,rejet_ITM (on garde l'OTM a ce strike)
20260703,6550.0,C,6289.88,20260617_131429,0.0438,3.6,mid,0.12,ok,0.1185499201551402,0.0014,0.0543,0.000697,1.45,-0.541,True,ok
20260703,6550.0,P,6289.88,20260617_131429,0.0438,257.3,mid,,rejet: prix < valeur intrinseque,0.1185499201551402,,,,,,False,rejet_ITM (on garde l'OTM a ce strike)
20260703,6575.0,C,6289.88,20260617_131429,0.0438,2.55,mid,0.1205,ok,0.11772536568068,0.0028,0.0401,0.000545,1.138,-0.427,True,ok
20260703,6575.0,P,6289.88,20260617_131429,0.0438,281.15,mid,,rejet: prix < valeur intrinseque,0.1192898421261862,,,,,,False,rejet_ITM (on garde l'OTM a ce strike)
20260703,6600.0,C,6289.88,20260617_131429,0.0438,1.75,mid,0.1206,ok,0.1204232921616647,0.0002,0.0289,0.000415,0.867,-0.326,True,ok
20260703,6600.0,P,6289.88,20260617_131429,0.0438,305.35,mid,,rejet: prix < valeur intrinseque,0.1204232921616647,,,,,,False,rejet_ITM (on garde l'OTM a ce strike)
20260710,6000.0,C,6289.88,20260617_131429,0.063,311.75,mid,0.1852,ok,0.1677578636290861,0.0175,0.848,0.000797,3.678,-1.426,False,rejet_ITM (on garde l'OTM a ce strike)
20260710,6000.0,P,6289.88,20260617_131429,0.063,16.200000000000003,mid,0.165,ok,0.1677578636290861,-0.0028,-0.1234,0.000783,3.218,-1.157,True,ok
20260710,6025.0,C,6289.88,20260617_131429,0.063,289.0,mid,0.1799,ok,0.1641156348997356,0.0158,0.8329,0.000874,3.918,-1.48,False,rejet_ITM (on garde l'OTM a ce strike)
20260710,6025.0,P,6289.88,20260617_131429,0.063,18.450000000000003,mid,0.1612,ok,0.1641156348997356,-0.0029,-0.1397,0.000873,3.507,-1.232,True,ok
20260710,6050.0,C,6289.88,20260617_131429,0.063,266.7,mid,0.175,ok,0.160603112550203,0.0144,0.8154,0.000957,4.177,-1.539,False,rejet_ITM (on garde l'OTM a ce strike)
20260710,6050.0,P,6289.88,20260617_131429,0.063,21.15,mid,0.1578,ok,0.160603112550203,-0.0028,-0.1587,0.000971,3.819,-1.313,True,ok
20260710,6075.0,C,6289.88,20260617_131429,0.063,245.15,mid,0.171,ok,0.1572226139086328,0.0138,0.7946,0.001046,4.462,-1.611,False,rejet_ITM (on garde l'OTM a ce strike)
20260710,6075.0,P,6289.88,20260617_131429,0.063,24.35,mid,0.1545,ok,0.1572226139086328,-0.0027,-0.1805,0.001076,4.147,-1.397,True,ok
20260710,6100.0,C,6289.88,20260617_131429,0.063,223.7,mid,0.1663,ok,0.1539762673424909,0.0124,0.7724,0.001143,4.738,-1.668,False,rejet_ITM (on garde l'OTM a ce strike)
20260710,6100.0,P,6289.88,20260617_131429,0.063,27.95,mid,0.1511,ok,0.1539762673424909,-0.0029,-0.2046,0.001189,4.478,-1.476,True,ok
20260710,6125.0,C,6289.88,20260617_131429,0.063,203.0,mid,0.1622,ok,0.150866189469295,0.0113,0.747,0.001242,5.023,-1.729,False,rejet_ITM (on garde l'OTM a ce strike)
20260710,6125.0,P,6289.88,20260617_131429,0.063,32.150000000000006,mid,0.1478,ok,0.150866189469295,-0.0031,-0.2319,0.001306,4.812,-1.552,True,ok
20260710,6150.0,C,6289.88,20260617_131429,0.063,183.0,mid,0.1583,ok,0.1478946544940989,0.0104,0.7185,0.001344,5.305,-1.786,False,rejet_ITM (on garde l'OTM a ce strike)
20260710,6150.0,P,6289.88,20260617_131429,0.063,37.05,mid,0.1447,ok,0.1478946544940989,-0.0032,-0.2625,0.001426,5.142,-1.623,True,ok
20260710,6175.0,C,6289.88,20260617_131429,0.063,163.65,mid,0.1544,ok,0.14506422085436,0.0094,0.6871,0.001447,5.571,-1.833,False,rejet_ITM (on garde l'OTM a ce strike)
20260710,6175.0,P,6289.88,20260617_131429,0.063,42.7,mid,0.1416,ok,0.14506422085436,-0.0035,-0.2965,0.001545,5.454,-1.685,True,ok
20260710,6200.0,C,6289.88,20260617_131429,0.063,145.1,mid,0.1507,ok,0.1423777860716817,0.0083,0.6527,0.001547,5.812,-1.869,False,rejet_ITM (on garde l'OTM a ce strike)
20260710,6200.0,P,6289.88,20260617_131429,0.063,49.2,mid,0.1386,ok,0.1423777860716817,-0.0038,-0.3338,0.001661,5.737,-1.736,True,ok
20260710,6225.0,C,6289.88,20260617_131429,0.063,127.55,mid,0.1472,ok,0.139838564210088,0.0074,0.615,0.00164,6.017,-1.894,False,rejet_ITM (on garde l'OTM a ce strike)
20260710,6225.0,P,6289.88,20260617_131429,0.063,56.55,mid,0.1355,ok,0.139838564210088,-0.0044,-0.3744,0.00177,5.976,-1.768,True,ok
20260710,6250.0,C,6289.88,20260617_131429,0.063,111.15,mid,0.1441,ok,0.1374499982987516,0.0067,0.5744,0.001718,6.173,-1.905,False,rejet_ITM (on garde l'OTM a ce strike)
20260710,6250.0,P,6289.88,20260617_131429,0.063,65.15,mid,0.1328,ok,0.1374499982987516,-0.0047,-0.4184,0.00186,6.157,-1.786,True,ok
20260710,6275.0,C,6289.88,20260617_131429,0.063,95.9,mid,0.1413,ok,0.1352156378080537,0.006,0.5312,0.001779,6.266,-1.898,False,rejet_ITM (on garde l'OTM a ce strike)
20260710,6275.0,P,6289.88,20260617_131429,0.063,74.85,mid,0.1301,ok,0.1352156378080537,-0.0051,-0.4652,0.001931,6.264,-1.781,True,ok
20260710,6300.0,C,6289.88,20260617_131429,0.063,81.80000000000001,mid,0.1385,ok,0.1331390160023237,0.0054,0.4861,0.00182,6.283,-1.868,True,ok
20260710,6300.0,P,6289.88,20260617_131429,0.063,85.75,mid,0.1275,ok,0.1331390160023237,-0.0057,-0.5142,0.001977,6.282,-1.751,False,rejet_ITM (on garde l'OTM a ce strike)
20260710,6325.0,C,6289.88,20260617_131429,0.063,69.05000000000001,mid,0.1361,ok,0.1312235581634712,0.0049,0.4396,0.001832,6.216,-1.818,True,ok
20260710,6325.0,P,6289.88,20260617_131429,0.063,98.0,mid,0.125,ok,0.1312235581634712,-0.0062,-0.5647,0.00199,6.2,-1.696,False,rejet_ITM (on garde l'OTM a ce strike)
20260710,6350.0,C,6289.88,20260617_131429,0.063,57.65,mid,0.1339,ok,0.1294725401475194,0.0045,0.3928,0.001815,6.061,-1.747,True,ok
20260710,6350.0,P,6289.88,20260617_131429,0.063,111.6,mid,0.1226,ok,0.1294725401475194,-0.0069,-0.6158,0.001968,6.014,-1.615,False,rejet_ITM (on garde l'OTM a ce strike)
20260710,6375.0,C,6289.88,20260617_131429,0.063,47.55,mid,0.132,ok,0.1278890986710822,0.0041,0.3464,0.001769,5.819,-1.653,True,ok
20260710,6375.0,P,6289.88,20260617_131429,0.063,126.5,mid,0.1202,ok,0.1278890986710822,-0.0077,-0.6668,0.001909,5.72,-1.507,False,rejet_ITM (on garde l'OTM a ce strike)
20260710,6400.0,C,6289.88,20260617_131429,0.063,38.8,mid,0.1303,ok,0.1264762715417143,0.0038,0.3016,0.001692,5.497,-1.543,True,ok
20260710,6400.0,P,6289.88,20260617_131429,0.063,142.55,mid,0.1174,ok,0.1264762715417143,-0.009,-0.717,0.001817,5.318,-1.371,False,rejet_ITM (on garde l'OTM a ce strike)
20260710,6425.0,C,6289.88,20260617_131429,0.063,31.200000000000003,mid,0.1286,ok,0.1252370304868155,0.0034,0.2586,0.001591,5.103,-1.416,True,ok
20260710,6425.0,P,6289.88,20260617_131429,0.063,159.9,mid,0.1146,ok,0.1252370304868155,-0.0106,-0.7653,0.001687,4.821,-1.215,False,rejet_ITM (on garde l'OTM a ce strike)
20260710,6450.0,C,6289.88,20260617_131429,0.063,24.75,mid,0.1271,ok,0.1241742748898568,0.003,0.2185,0.001468,4.653,-1.277,True,ok
20260710,6450.0,P,6289.88,20260617_131429,0.063,178.45,mid,0.1116,ok,0.1241742748898568,-0.0125,-0.811,0.001523,4.24,-1.042,False,rejet_ITM (on garde l'OTM a ce strike)
20260710,6475.0,C,6289.88,20260617_131429,0.063,19.4,mid,0.1259,ok,0.1232907785861539,0.0026,0.182,0.001329,4.169,-1.133,True,ok
20260710,6475.0,P,6289.88,20260617_131429,0.063,197.8,mid,0.1074,ok,0.1232907785861539,-0.0159,-0.8553,0.001329,3.557,-0.844,False,rejet_ITM (on garde l'OTM a ce strike)
20260710,6500.0,C,6289.88,20260617_131429,0.063,15.05,mid,0.1248,ok,0.1225890962557395,0.0022,0.1495,0.00118,3.671,-0.99,True,ok
20260710,6500.0,P,6289.88,20260617_131429,0.063,218.3,mid,0.1026,ok,0.1225890962557395,-0.02,-0.8958,0.0011,2.813,-0.64,False,rejet_ITM (on garde l'OTM a ce strike)
20260710,6525.0,C,6289.88,20260617_131429,0.063,11.45,mid,0.1237,ok,0.1220714568540384,0.0016,0.1206,0.001028,3.168,-0.846,True,ok
20260710,6525.0,P,6289.88,20260617_131429,0.063,240.05,mid,0.0977,ok,0.1220714568540384,-0.0244,-0.9299,0.000852,2.075,-0.453,False,rejet_ITM (on garde l'OTM a ce strike)
20260710,6550.0,C,6289.88,20260617_131429,0.063,8.55,mid,0.1225,ok,0.1217395379882532,0.0007,0.0954,0.000877,2.676,-0.709,True,ok
20260710,6550.0,P,6289.88,20260617_131429,0.063,262.65,mid,0.0912,ok,0.1217395379882532,-0.0305,-0.9592,0.000584,1.328,-0.275,False,rejet_ITM (on garde l'OTM a ce strike)
20260710,6575.0,C,6289.88,20260617_131429,0.063,6.5,mid,0.1223,ok,0.1215943691027015,0.0007,0.0759,0.000739,2.254,-0.596,True,ok
20260710,6575.0,P,6289.88,20260617_131429,0.063,285.4,mid,0.0576,ok,0.1215943691027015,-0.064,-0.9969,4e-05,0.057,-0.018,False,rejet_ITM (on garde l'OTM a ce strike)
20260710,6600.0,C,6289.88,20260617_131429,0.063,4.8,mid,0.1218,ok,0.1216361314032253,0.0001,0.0588,0.00061,1.851,-0.488,True,ok
20260710,6600.0,P,6289.88,20260617_131429,0.063,308.75,mid,,rejet: prix < valeur intrinseque,0.1216361314032253,,,,,,False,rejet_ITM (on garde l'OTM a ce strike)
20260717,6000.0,C,6289.88,20260617_131429,0.0822,323.65,mid,0.1893,ok,0.170982690392548,0.0183,0.812,0.000782,4.814,-1.465,False,rejet_ITM (on garde l'OTM a ce strike)
20260717,6000.0,P,6289.88,20260617_131429,0.0822,24.95,mid,0.1662,ok,0.170982690392548,-0.0048,-0.1557,0.000797,4.306,-1.196,True,ok
20260717,6025.0,C,6289.88,20260617_131429,0.0822,302.2,mid,0.1858,ok,0.1680161031762311,0.0178,0.795,0.000841,5.079,-1.521,False,rejet_ITM (on garde l'OTM a ce strike)
20260717,6025.0,P,6289.88,20260617_131429,0.0822,28.05,mid,0.1633,ok,0.1680161031762311,-0.0047,-0.1734,0.00087,4.617,-1.26,True,ok
20260717,6050.0,C,6289.88,20260617_131429,0.0822,280.45,mid,0.1811,ok,0.1650928758541537,0.016,0.7778,0.000905,5.327,-1.558,False,rejet_ITM (on garde l'OTM a ce strike)
20260717,6050.0,P,6289.88,20260617_131429,0.0822,31.45,mid,0.1602,ok,0.1650928758541537,-0.0049,-0.1927,0.000947,4.931,-1.32,True,ok
20260717,6075.0,C,6289.88,20260617_131429,0.0822,259.35,mid,0.1769,ok,0.1621470338784827,0.0147,0.7584,0.000971,5.586,-1.599,False,rejet_ITM (on garde l'OTM a ce strike)
20260717,6075.0,P,6289.88,20260617_131429,0.0822,35.35,mid,0.1572,ok,0.1621470338784827,-0.0049,-0.2142,0.001027,5.251,-1.38,True,ok
20260717,6100.0,C,6289.88,20260617_131429,0.0822,238.8,mid,0.1729,ok,0.1592494826811389,0.0137,0.7369,0.00104,5.847,-1.64,False,rejet_ITM (on garde l'OTM a ce strike)
20260717,6100.0,P,6289.88,20260617_131429,0.0822,39.7,mid,0.1542,ok,0.1592494826811389,-0.0051,-0.2377,0.001111,5.569,-1.436,True,ok
20260717,6125.0,C,6289.88,20260617_131429,0.0822,218.8,mid,0.1691,ok,0.1565940158250905,0.0125,0.7133,0.00111,6.104,-1.678,False,rejet_ITM (on garde l'OTM a ce strike)
20260717,6125.0,P,6289.88,20260617_131429,0.0822,44.7,mid,0.1514,ok,0.1565940158250905,-0.0052,-0.2636,0.001195,5.883,-1.49,True,ok
20260717,6150.0,C,6289.88,20260617_131429,0.0822,199.4,mid,0.1654,ok,0.1540567945248886,0.0114,0.6877,0.00118,6.35,-1.711,False,rejet_ITM (on garde l'OTM a ce strike)
20260717,6150.0,P,6289.88,20260617_131429,0.0822,50.3,mid,0.1485,ok,0.1540567945248886,-0.0055,-0.2919,0.00128,6.183,-1.537,True,ok
20260717,6175.0,C,6289.88,20260617_131429,0.0822,180.5,mid,0.1616,ok,0.1512441667112919,0.0104,0.6601,0.001251,6.576,-1.734,False,rejet_ITM (on garde l'OTM a ce strike)
20260717,6175.0,P,6289.88,20260617_131429,0.0822,56.6,mid,0.1458,ok,0.1512441667112919,-0.0055,-0.3226,0.001363,6.461,-1.576,True,ok
20260717,6200.0,C,6289.88,20260617_131429,0.0822,162.55,mid,0.1583,ok,0.1488734796697269,0.0094,0.63,0.001318,6.781,-1.753,False,rejet_ITM (on garde l'OTM a ce strike)
20260717,6200.0,P,6289.88,20260617_131429,0.0822,63.55,mid,0.1429,ok,0.1488734796697269,-0.006,-0.3556,0.001443,6.706,-1.604,True,ok
20260717,6225.0,C,6289.88,20260617_131429,0.0822,145.6,mid,0.1553,ok,0.1463961335955693,0.0089,0.5977,0.001377,6.952,-1.767,False,rejet_ITM (on garde l'OTM a ce strike)
20260717,6225.0,P,6289.88,20260617_131429,0.0822,71.35,mid,0.1401,ok,0.1463961335955693,-0.0063,-0.3909,0.001517,6.91,-1.621,True,ok
20260717,6250.0,C,6289.88,20260617_131429,0.0822,129.4,mid,0.1523,ok,0.144087988352663,0.0082,0.5635,0.00143,7.079,-1.767,False,rejet_ITM (on garde l'OTM a ce strike)
20260717,6250.0,P,6289.88,20260617_131429,0.0822,80.1,mid,0.1374,ok,0.144087988352663,-0.0067,-0.4286,0.001581,7.064,-1.626,True,ok
20260717,6275.0,C,6289.88,20260617_131429,0.0822,114.25,mid,0.1496,ok,0.1419132088986365,0.0077,0.5276,0.001471,7.156,-1.756,False,rejet_ITM (on garde l'OTM a ce strike)
20260717,6275.0,P,6289.88,20260617_131429,0.0822,89.85,mid,0.1348,ok,0.1419132088986365,-0.0071,-0.4683,0.001632,7.154,-1.616,True,ok
20260717,6300.0,C,6289.88,20260617_131429,0.0822,100.1,mid,0.147,ok,0.139903171229997,0.0071,0.4903,0.001501,7.173,-1.733,True,ok
20260717,6300.0,P,6289.88,20260617_131429,0.0822,100.65,mid,0.1323,ok,0.139903171229997,-0.0076,-0.5097,0.001668,7.172,-1.59,False,rejet_ITM (on garde l'OTM a ce strike)
20260717,6325.0,C,6289.88,20260617_131429,0.0822,87.05000000000001,mid,0.1447,ok,0.1380612015784177,0.0066,0.4521,0.001515,7.126,-1.695,True,ok
20260717,6325.0,P,6289.88,20260617_131429,0.0822,112.55,mid,0.1298,ok,0.1380612015784177,-0.0082,-0.5524,0.001684,7.11,-1.548,False,rejet_ITM (on garde l'OTM a ce strike)
20260717,6350.0,C,6289.88,20260617_131429,0.0822,75.15,mid,0.1426,ok,0.1363971703806998,0.0062,0.4133,0.001512,7.009,-1.645,True,ok
20260717,6350.0,P,6289.88,20260617_131429,0.0822,125.6,mid,0.1275,ok,0.1363971703806998,-0.0089,-0.5958,0.001679,6.96,-1.489,False,rejet_ITM (on garde l'OTM a ce strike)
20260717,6375.0,C,6289.88,20260617_131429,0.0822,64.44999999999999,mid,0.1408,ok,0.1349547413093829,0.0058,0.3747,0.001491,6.824,-1.583,True,ok
20260717,6375.0,P,6289.88,20260617_131429,0.0822,139.85000000000002,mid,0.1252,ok,0.1349547413093829,-0.0097,-0.6393,0.001651,6.722,-1.414,False,rejet_ITM (on garde l'OTM a ce strike)
20260717,6400.0,C,6289.88,20260617_131429,0.0822,54.75,mid,0.139,ok,0.1336069275900264,0.0054,0.3365,0.001453,6.57,-1.506,True,ok
20260717,6400.0,P,6289.88,20260617_131429,0.0822,155.0,mid,0.1226,ok,0.1336069275900264,-0.011,-0.6829,0.001603,6.392,-1.317,False,rejet_ITM (on garde l'OTM a ce strike)
20260717,6425.0,C,6289.88,20260617_131429,0.0822,46.2,mid,0.1375,ok,0.1323378152771109,0.0052,0.2995,0.001399,6.256,-1.42,True,ok
20260717,6425.0,P,6289.88,20260617_131429,0.0822,171.14999999999998,mid,0.1198,ok,0.1323378152771109,-0.0126,-0.726,0.001533,5.97,-1.203,False,rejet_ITM (on garde l'OTM a ce strike)
20260717,6450.0,C,6289.88,20260617_131429,0.0822,38.6,mid,0.1361,ok,0.1311589952947609,0.0049,0.264,0.00133,5.887,-1.323,True,ok
20260717,6450.0,P,6289.88,20260617_131429,0.0822,188.7,mid,0.1174,ok,0.1311589952947609,-0.0138,-0.7669,0.001435,5.476,-1.082,False,rejet_ITM (on garde l'OTM a ce strike)
20260717,6475.0,C,6289.88,20260617_131429,0.0822,31.950000000000003,mid,0.1347,ok,0.1300801449693887,0.0046,0.2303,0.001249,5.473,-1.218,True,ok
20260717,6475.0,P,6289.88,20260617_131429,0.0822,206.95,mid,0.1142,ok,0.1300801449693887,-0.0159,-0.8071,0.001318,4.893,-0.942,False,rejet_ITM (on garde l'OTM a ce strike)
20260717,6500.0,C,6289.88,20260617_131429,0.0822,26.2,mid,0.1334,ok,0.1291149003005775,0.0043,0.1988,0.001158,5.025,-1.109,True,ok
20260717,6500.0,P,6289.88,20260617_131429,0.0822,226.2,mid,0.1106,ok,0.1291149003005775,-0.0185,-0.8452,0.001179,4.241,-0.792,False,rejet_ITM (on garde l'OTM a ce strike)
20260717,6525.0,C,6289.88,20260617_131429,0.0822,21.35,mid,0.1324,ok,0.1282953548392374,0.0041,0.1701,0.001059,4.56,-0.999,True,ok
20260717,6525.0,P,6289.88,20260617_131429,0.0822,246.4,mid,0.1066,ok,0.1282953548392374,-0.0217,-0.8808,0.001019,3.532,-0.638,False,rejet_ITM (on garde l'OTM a ce strike)
20260717,6550.0,C,6289.88,20260617_131429,0.0822,17.25,mid,0.1315,ok,0.127650385662328,0.0038,0.1441,0.000956,4.089,-0.89,True,ok
20260717,6550.0,P,6289.88,20260617_131429,0.0822,267.45,mid,0.1018,ok,0.127650385662328,-0.0259,-0.9137,0.000837,2.77,-0.48,False,rejet_ITM (on garde l'OTM a ce strike)
20260717,6575.0,C,6289.88,20260617_131429,0.0822,13.85,mid,0.1308,ok,0.1271953540412108,0.0036,0.121,0.000853,3.626,-0.785,True,ok
20260717,6575.0,P,6289.88,20260617_131429,0.0822,289.1,mid,0.0945,ok,0.1271953540412108,-0.0327,-0.9458,0.00062,1.904,-0.309,False,rejet_ITM (on garde l'OTM a ce strike)
20260717,6600.0,C,6289.88,20260617_131429,0.0822,11.05,mid,0.1301,ok,0.1269329108024305,0.0032,0.1008,0.000752,3.18,-0.686,True,ok
20260717,6600.0,P,6289.88,20260617_131429,0.0822,311.2,mid,0.0783,ok,0.1269329108024305,-0.0486,-0.9812,0.000286,0.729,-0.103,False,rejet_ITM (on garde l'OTM a ce strike)
