echeance,strike,type,T,forward,log_moneyness,iv_calculee,variance_totale,gardee,raison_rejet
20260619,6000.0,C,0.005479452054794521,6289.581773446948,-0.04713510856573172,0.2554,0.0003574200547945206,False,rejet_ITM (on garde l'OTM a ce strike)
20260619,6000.0,P,0.005479452054794521,6289.581773446948,-0.04713510856573172,0.2836,0.00044070663013698634,True,ok
20260619,6025.0,C,0.005479452054794521,6289.581773446948,-0.04297709841706804,0.2452,0.0003294413150684932,False,rejet_ITM (on garde l'OTM a ce strike)
20260619,6025.0,P,0.005479452054794521,6289.581773446948,-0.04297709841706804,0.2678,0.00039296898630136984,True,ok
20260619,6050.0,C,0.005479452054794521,6289.581773446948,-0.03883630575103664,0.2318,0.0002944177534246575,False,rejet_ITM (on garde l'OTM a ce strike)
20260619,6050.0,P,0.005479452054794521,6289.581773446948,-0.03883630575103664,0.2481,0.0003372800547945205,True,ok
20260619,6075.0,C,0.005479452054794521,6289.581773446948,-0.03471258856717458,0.219,0.0002628,False,rejet_ITM (on garde l'OTM a ce strike)
20260619,6075.0,P,0.005479452054794521,6289.581773446948,-0.03471258856717458,0.2342,0.0003005459726027397,True,ok
20260619,6100.0,C,0.005479452054794521,6289.581773446948,-0.03060580661452118,0.2076,0.00023615210958904113,False,rejet_ITM (on garde l'OTM a ce strike)
20260619,6100.0,P,0.005479452054794521,6289.581773446948,-0.03060580661452118,0.2194,0.0002637608767123288,True,ok
20260619,6125.0,C,0.005479452054794521,6289.581773446948,-0.026515821362996066,0.1938,0.0002057996712328767,False,rejet_ITM (on garde l'OTM a ce strike)
20260619,6125.0,P,0.005479452054794521,6289.581773446948,-0.026515821362996066,0.2031,0.0002260252602739726,True,ok
20260619,6150.0,C,0.005479452054794521,6289.581773446948,-0.02244249597536025,0.1843,0.0001861177534246575,False,rejet_ITM (on garde l'OTM a ce strike)
20260619,6150.0,P,0.005479452054794521,6289.581773446948,-0.02244249597536025,0.1902,0.00019822487671232876,True,ok
20260619,6175.0,C,0.005479452054794521,6289.581773446948,-0.018385695279745862,0.1756,0.00016896087671232877,False,rejet_ITM (on garde l'OTM a ce strike)
20260619,6175.0,P,0.005479452054794521,6289.581773446948,-0.018385695279745862,0.1798,0.00017713994520547944,True,ok
20260619,6200.0,C,0.005479452054794521,6289.581773446948,-0.014345285742740778,0.1741,0.00016608663013698631,False,rejet_ITM (on garde l'OTM a ce strike)
20260619,6200.0,P,0.005479452054794521,6289.581773446948,-0.014345285742740778,0.1721,0.00016229265753424658,True,ok
20260619,6225.0,C,0.005479452054794521,6289.581773446948,-0.010321135443015342,0.1636,0.00014665731506849315,False,rejet_ITM (on garde l'OTM a ce strike)
20260619,6225.0,P,0.005479452054794521,6289.581773446948,-0.010321135443015342,0.1651,0.0001493589589041096,True,ok
20260619,6250.0,C,0.005479452054794521,6289.581773446948,-0.006313114045476529,0.1576,0.00013609731506849314,False,rejet_ITM (on garde l'OTM a ce strike)
20260619,6250.0,P,0.005479452054794521,6289.581773446948,-0.006313114045476529,0.1595,0.00013939863013698631,True,ok
20260619,6275.0,C,0.005479452054794521,6289.581773446948,-0.00232109277593908,0.153,0.00012826849315068493,False,rejet_ITM (on garde l'OTM a ce strike)
20260619,6275.0,P,0.005479452054794521,6289.581773446948,-0.00232109277593908,0.1544,0.00013062663013698632,True,ok
20260619,6300.0,C,0.005479452054794521,6289.581773446948,0.0016550556037002247,0.149,0.00012164931506849315,True,ok
20260619,6300.0,P,0.005479452054794521,6289.581773446948,0.0016550556037002247,0.1504,0.00012394608219178083,False,rejet_ITM (on garde l'OTM a ce strike)
20260619,6325.0,C,0.005479452054794521,6289.581773446948,0.005615456819797259,0.147,0.00011840547945205477,True,ok
20260619,6325.0,P,0.005479452054794521,6289.581773446948,0.005615456819797259,0.148,0.00012002191780821916,False,rejet_ITM (on garde l'OTM a ce strike)
20260619,6350.0,C,0.005479452054794521,6289.581773446948,0.009560235110813492,0.1448,0.00011488789041095893,True,ok
20260619,6350.0,P,0.005479452054794521,6289.581773446948,0.009560235110813492,0.3347,0.0006138306301369863,False,rejet_ITM (on garde l'OTM a ce strike)
20260619,6375.0,C,0.005479452054794521,6289.581773446948,0.013489513250703161,0.1264,8.754498630136987e-05,True,ok
20260619,6375.0,P,0.005479452054794521,6289.581773446948,0.013489513250703161,0.3703,0.0007513539178082191,False,rejet_ITM (on garde l'OTM a ce strike)
20260619,6400.0,C,0.005479452054794521,6289.581773446948,0.017403412571839375,0.136,0.00010134794520547947,True,ok
20260619,6400.0,P,0.005479452054794521,6289.581773446948,0.017403412571839375,0.4092,0.0009175048767123288,False,rejet_ITM (on garde l'OTM a ce strike)
20260619,6425.0,C,0.005479452054794521,6289.581773446948,0.021302052987496805,0.1483,0.00012050898630136985,True,ok
20260619,6425.0,P,0.005479452054794521,6289.581773446948,0.021302052987496805,0.4494,0.0011066321095890414,False,rejet_ITM (on garde l'OTM a ce strike)
20260619,6450.0,C,0.005479452054794521,6289.581773446948,0.025185553013894316,0.1621,0.00014398032876712327,True,ok
20260619,6450.0,P,0.005479452054794521,6289.581773446948,0.025185553013894316,0.4891,0.0013107879999999998,False,rejet_ITM (on garde l'OTM a ce strike)
20260619,6475.0,C,0.005479452054794521,6289.581773446948,0.029054029791814744,0.1708,0.00015985008219178084,False,rejet_prix_trop_faible
20260619,6475.0,P,0.005479452054794521,6289.581773446948,0.029054029791814744,0.528,0.0015275835616438357,False,rejet_ITM (on garde l'OTM a ce strike)
20260619,6500.0,C,0.005479452054794521,6289.581773446948,0.03290759910780483,0.1904,0.00019864197260273974,False,rejet_prix_trop_faible
20260619,6500.0,P,0.005479452054794521,6289.581773446948,0.03290759910780483,0.5658,0.00175413501369863,False,rejet_ITM (on garde l'OTM a ce strike)
20260619,6525.0,C,0.005479452054794521,6289.581773446948,0.036746375414970396,0.1997,0.00021852104109589037,False,rejet_prix_trop_faible
20260619,6525.0,P,0.005479452054794521,6289.581773446948,0.036746375414970396,0.6032,0.0019936999452054792,False,rejet_ITM (on garde l'OTM a ce strike)
20260619,6550.0,C,0.005479452054794521,6289.581773446948,0.040570471853373945,0.218,0.0002604054794520548,False,rejet_prix_trop_faible
20260619,6550.0,P,0.005479452054794521,6289.581773446948,0.040570471853373945,0.6389,0.0022366751232876713,False,rejet_ITM (on garde l'OTM a ce strike)
20260619,6575.0,C,0.005479452054794521,6289.581773446948,0.04438000027004153,0.236,0.0003051835616438356,False,rejet_prix_trop_faible
20260619,6575.0,P,0.005479452054794521,6289.581773446948,0.04438000027004153,0.6746,0.002493617315068493,False,rejet_ITM (on garde l'OTM a ce strike)
20260619,6600.0,C,0.005479452054794521,6289.581773446948,0.04817507123859324,0.2362,0.0003057010410958904,False,rejet_prix_trop_faible
20260619,6600.0,P,0.005479452054794521,6289.581773446948,0.04817507123859324,0.7096,0.0027590803287671235,False,rejet_ITM (on garde l'OTM a ce strike)
20260626,6000.0,C,0.024657534246575342,6294.494497225719,-0.047915892776297195,0.2183,0.0011750520821917807,False,rejet_ITM (on garde l'OTM a ce strike)
20260626,6000.0,P,0.024657534246575342,6294.494497225719,-0.047915892776297195,0.1781,0.0007821273698630138,True,ok
20260626,6025.0,C,0.024657534246575342,6294.494497225719,-0.04375788262763349,0.2073,0.0010596153698630138,False,rejet_ITM (on garde l'OTM a ce strike)
20260626,6025.0,P,0.024657534246575342,6294.494497225719,-0.04375788262763349,0.1716,0.0007260795616438356,True,ok
20260626,6050.0,C,0.024657534246575342,6294.494497225719,-0.039617089961602195,0.1971,0.000957906,False,rejet_ITM (on garde l'OTM a ce strike)
20260626,6050.0,P,0.024657534246575342,6294.494497225719,-0.039617089961602195,0.1655,0.0006753760273972603,True,ok
20260626,6075.0,C,0.024657534246575342,6294.494497225719,-0.03549337277774012,0.1877,0.0008687167397260275,False,rejet_ITM (on garde l'OTM a ce strike)
20260626,6075.0,P,0.024657534246575342,6294.494497225719,-0.03549337277774012,0.1595,0.0006272938356164384,True,ok
20260626,6100.0,C,0.024657534246575342,6294.494497225719,-0.03138659082508669,0.1781,0.0007821273698630138,False,rejet_ITM (on garde l'OTM a ce strike)
20260626,6100.0,P,0.024657534246575342,6294.494497225719,-0.03138659082508669,0.1547,0.0005901063287671233,True,ok
20260626,6125.0,C,0.024657534246575342,6294.494497225719,-0.027296605573561564,0.1705,0.000716800684931507,False,rejet_ITM (on garde l'OTM a ce strike)
20260626,6125.0,P,0.024657534246575342,6294.494497225719,-0.027296605573561564,0.1494,0.0005503650410958904,True,ok
20260626,6150.0,C,0.024657534246575342,6294.494497225719,-0.023223280185925732,0.1651,0.0006721153150684931,False,rejet_ITM (on garde l'OTM a ce strike)
20260626,6150.0,P,0.024657534246575342,6294.494497225719,-0.023223280185925732,0.1447,0.0005162816712328767,True,ok
20260626,6175.0,C,0.024657534246575342,6294.494497225719,-0.01916647949031133,0.1579,0.0006147717534246577,False,rejet_ITM (on garde l'OTM a ce strike)
20260626,6175.0,P,0.024657534246575342,6294.494497225719,-0.01916647949031133,0.1406,0.00048743901369863017,True,ok
20260626,6200.0,C,0.024657534246575342,6294.494497225719,-0.015126069953306337,0.1522,0.0005711878356164384,False,rejet_ITM (on garde l'OTM a ce strike)
20260626,6200.0,P,0.024657534246575342,6294.494497225719,-0.015126069953306337,0.1366,0.0004600987397260273,True,ok
20260626,6225.0,C,0.024657534246575342,6294.494497225719,-0.011101919653580884,0.1469,0.0005320999726027397,False,rejet_ITM (on garde l'OTM a ce strike)
20260626,6225.0,P,0.024657534246575342,6294.494497225719,-0.011101919653580884,0.1325,0.0004328938356164384,True,ok
20260626,6250.0,C,0.024657534246575342,6294.494497225719,-0.007093898256042164,0.1421,0.0004978950410958904,False,rejet_ITM (on garde l'OTM a ce strike)
20260626,6250.0,P,0.024657534246575342,6294.494497225719,-0.007093898256042164,0.1287,0.0004084197534246576,True,ok
20260626,6275.0,C,0.024657534246575342,6294.494497225719,-0.003101876986504699,0.1377,0.00046753865753424654,False,rejet_ITM (on garde l'OTM a ce strike)
20260626,6275.0,P,0.024657534246575342,6294.494497225719,-0.003101876986504699,0.1251,0.0003858906575342465,True,ok
20260626,6300.0,C,0.024657534246575342,6294.494497225719,0.0008742713931348453,0.1341,0.00044341175342465746,True,ok
20260626,6300.0,P,0.024657534246575342,6294.494497225719,0.0008742713931348453,0.1215,0.0003640006849315068,False,rejet_ITM (on garde l'OTM a ce strike)
20260626,6325.0,C,0.024657534246575342,6294.494497225719,0.0048346726092316755,0.1312,0.00042444098630136994,True,ok
20260626,6325.0,P,0.024657534246575342,6294.494497225719,0.0048346726092316755,0.1177,0.0003415879726027397,False,rejet_ITM (on garde l'OTM a ce strike)
20260626,6350.0,C,0.024657534246575342,6294.494497225719,0.008779450900248146,0.1284,0.0004065179178082191,True,ok
20260626,6350.0,P,0.024657534246575342,6294.494497225719,0.008779450900248146,0.1141,0.00032101175342465747,False,rejet_ITM (on garde l'OTM a ce strike)
20260626,6375.0,C,0.024657534246575342,6294.494497225719,0.012708729040137612,0.126,0.00039146301369863016,True,ok
20260626,6375.0,P,0.024657534246575342,6294.494497225719,0.012708729040137612,0.1097,0.0002967309863013699,False,rejet_ITM (on garde l'OTM a ce strike)
20260626,6400.0,C,0.024657534246575342,6294.494497225719,0.016622628361273845,0.1233,0.00037486578082191786,True,ok
20260626,6400.0,P,0.024657534246575342,6294.494497225719,0.016622628361273845,0.1024,0.00025855298630136984,False,rejet_ITM (on garde l'OTM a ce strike)
20260626,6425.0,C,0.024657534246575342,6294.494497225719,0.02052126877693129,0.1215,0.0003640006849315068,True,ok
20260626,6425.0,P,0.024657534246575342,6294.494497225719,0.02052126877693129,0.095,0.00022253424657534245,False,rejet_ITM (on garde l'OTM a ce strike)
20260626,6450.0,C,0.024657534246575342,6294.494497225719,0.024404768803328817,0.1206,0.00035862805479452053,True,ok
20260626,6450.0,P,0.024657534246575342,6294.494497225719,0.024404768803328817,0.0724,0.00012924887671232879,False,rejet_ITM (on garde l'OTM a ce strike)
20260626,6475.0,C,0.024657534246575342,6294.494497225719,0.028273245581249263,0.1196,0.00035270531506849314,True,ok
20260626,6475.0,P,0.024657534246575342,6294.494497225719,0.028273245581249263,,,False,rejet_ITM (on garde l'OTM a ce strike)
20260626,6500.0,C,0.024657534246575342,6294.494497225719,0.03212681489723915,0.1198,0.0003538859178082192,True,ok
20260626,6500.0,P,0.024657534246575342,6294.494497225719,0.03212681489723915,,,False,rejet_ITM (on garde l'OTM a ce strike)
20260626,6525.0,C,0.024657534246575342,6294.494497225719,0.03596559120440495,0.1205,0.00035803356164383556,True,ok
20260626,6525.0,P,0.024657534246575342,6294.494497225719,0.03596559120440495,,,False,rejet_ITM (on garde l'OTM a ce strike)
20260626,6550.0,C,0.024657534246575342,6294.494497225719,0.0397896876428083,0.123,0.00037304383561643833,True,ok
20260626,6550.0,P,0.024657534246575342,6294.494497225719,0.0397896876428083,,,False,rejet_ITM (on garde l'OTM a ce strike)
20260626,6575.0,C,0.024657534246575342,6294.494497225719,0.0435992160594759,0.126,0.00039146301369863016,True,ok
20260626,6575.0,P,0.024657534246575342,6294.494497225719,0.0435992160594759,,,False,rejet_ITM (on garde l'OTM a ce strike)
20260626,6600.0,C,0.024657534246575342,6294.494497225719,0.04739428702802763,0.1318,0.0004283319452054794,False,rejet_prix_trop_faible
20260626,6600.0,P,0.024657534246575342,6294.494497225719,0.04739428702802763,,,False,rejet_ITM (on garde l'OTM a ce strike)
20260630,6000.0,C,0.03561643835616438,6293.7204830861765,-0.04779291836861061,0.1905,0.0012925294520547946,False,rejet_ITM (on garde l'OTM a ce strike)
20260630,6000.0,P,0.03561643835616438,6293.7204830861765,-0.04779291836861061,0.1654,0.000974364602739726,True,ok
20260630,6025.0,C,0.03561643835616438,6293.7204830861765,-0.04363490821994695,0.1826,0.0011875503561643837,False,rejet_ITM (on garde l'OTM a ce strike)
20260630,6025.0,P,0.03561643835616438,6293.7204830861765,-0.04363490821994695,0.1601,0.000912920904109589,True,ok
20260630,6050.0,C,0.03561643835616438,6293.7204830861765,-0.03949411555391557,0.1753,0.0010944963561643837,False,rejet_ITM (on garde l'OTM a ce strike)
20260630,6050.0,P,0.03561643835616438,6293.7204830861765,-0.03949411555391557,0.1547,0.000852375808219178,True,ok
20260630,6075.0,C,0.03561643835616438,6293.7204830861765,-0.03537039837005342,0.1682,0.0010076332054794518,False,rejet_ITM (on garde l'OTM a ce strike)
20260630,6075.0,P,0.03561643835616438,6293.7204830861765,-0.03537039837005342,0.1495,0.000796036301369863,True,ok
20260630,6100.0,C,0.03561643835616438,6293.7204830861765,-0.03126361641740003,0.1612,0.0009255088219178082,False,rejet_ITM (on garde l'OTM a ce strike)
20260630,6100.0,P,0.03561643835616438,6293.7204830861765,-0.03126361641740003,0.1455,0.000754008904109589,True,ok
20260630,6125.0,C,0.03561643835616438,6293.7204830861765,-0.027173631165874942,0.1562,0.0008689855342465753,False,rejet_ITM (on garde l'OTM a ce strike)
20260630,6125.0,P,0.03561643835616438,6293.7204830861765,-0.027173631165874942,0.1411,0.0007090951506849315,True,ok
20260630,6150.0,C,0.03561643835616438,6293.7204830861765,-0.02310030577823915,0.1498,0.0007992343013698629,False,rejet_ITM (on garde l'OTM a ce strike)
20260630,6150.0,P,0.03561643835616438,6293.7204830861765,-0.02310030577823915,0.1368,0.0006665345753424657,True,ok
20260630,6175.0,C,0.03561643835616438,6293.7204830861765,-0.019043505082624666,0.1447,0.0007457401917808219,False,rejet_ITM (on garde l'OTM a ce strike)
20260630,6175.0,P,0.03561643835616438,6293.7204830861765,-0.019043505082624666,0.133,0.0006300191780821919,True,ok
20260630,6200.0,C,0.03561643835616438,6293.7204830861765,-0.015003095545619714,0.1398,0.0006960890958904111,False,rejet_ITM (on garde l'OTM a ce strike)
20260630,6200.0,P,0.03561643835616438,6293.7204830861765,-0.015003095545619714,0.1292,0.0005945323835616439,True,ok
20260630,6225.0,C,0.03561643835616438,6293.7204830861765,-0.010978945245894297,0.135,0.0006491095890410959,False,rejet_ITM (on garde l'OTM a ce strike)
20260630,6225.0,P,0.03561643835616438,6293.7204830861765,-0.010978945245894297,0.1256,0.0005618621369863013,True,ok
20260630,6250.0,C,0.03561643835616438,6293.7204830861765,-0.0069709238483555026,0.1314,0.0006149519999999999,False,rejet_ITM (on garde l'OTM a ce strike)
20260630,6250.0,P,0.03561643835616438,6293.7204830861765,-0.0069709238483555026,0.1221,0.0005309844657534246,True,ok
20260630,6275.0,C,0.03561643835616438,6293.7204830861765,-0.002978902578818074,0.1281,0.0005844518630136985,False,rejet_ITM (on garde l'OTM a ce strike)
20260630,6275.0,P,0.03561643835616438,6293.7204830861765,-0.002978902578818074,0.119,0.0005043643835616438,True,ok
20260630,6300.0,C,0.03561643835616438,6293.7204830861765,0.0009972458008213228,0.125,0.0005565068493150685,True,ok
20260630,6300.0,P,0.03561643835616438,6293.7204830861765,0.0009972458008213228,0.116,0.00047925479452054796,False,rejet_ITM (on garde l'OTM a ce strike)
20260630,6325.0,C,0.03561643835616438,6293.7204830861765,0.004957647016918337,0.1226,0.0005353421369863014,True,ok
20260630,6325.0,P,0.03561643835616438,6293.7204830861765,0.004957647016918337,0.1133,0.000457204301369863,False,rejet_ITM (on garde l'OTM a ce strike)
20260630,6350.0,C,0.03561643835616438,6293.7204830861765,0.008902425307934772,0.1207,0.0005188777260273972,True,ok
20260630,6350.0,P,0.03561643835616438,6293.7204830861765,0.008902425307934772,0.1109,0.0004380398082191781,False,rejet_ITM (on garde l'OTM a ce strike)
20260630,6375.0,C,0.03561643835616438,6293.7204830861765,0.012831703447824201,0.119,0.0005043643835616438,True,ok
20260630,6375.0,P,0.03561643835616438,6293.7204830861765,0.012831703447824201,0.1081,0.0004161998082191781,False,rejet_ITM (on garde l'OTM a ce strike)
20260630,6400.0,C,0.03561643835616438,6293.7204830861765,0.016745602768960616,0.1175,0.0004917294520547945,True,ok
20260630,6400.0,P,0.03561643835616438,6293.7204830861765,0.016745602768960616,0.1041,0.0003859685753424657,False,rejet_ITM (on garde l'OTM a ce strike)
20260630,6425.0,C,0.03561643835616438,6293.7204830861765,0.020644243184617807,0.1165,0.0004833952054794521,True,ok
20260630,6425.0,P,0.03561643835616438,6293.7204830861765,0.020644243184617807,0.1007,0.00036116813698630135,False,rejet_ITM (on garde l'OTM a ce strike)
20260630,6450.0,C,0.03561643835616438,6293.7204830861765,0.02452774321101552,0.1155,0.000475132191780822,True,ok
20260630,6450.0,P,0.03561643835616438,6293.7204830861765,0.02452774321101552,0.0954,0.00032415090410958905,False,rejet_ITM (on garde l'OTM a ce strike)
20260630,6475.0,C,0.03561643835616438,6293.7204830861765,0.028396219988935927,0.1143,0.000465310602739726,True,ok
20260630,6475.0,P,0.03561643835616438,6293.7204830861765,0.028396219988935927,0.0841,0.00025190830136986294,False,rejet_ITM (on garde l'OTM a ce strike)
20260630,6500.0,C,0.03561643835616438,6293.7204830861765,0.03224978930492577,0.1143,0.000465310602739726,True,ok
20260630,6500.0,P,0.03561643835616438,6293.7204830861765,0.03224978930492577,,,False,rejet_ITM (on garde l'OTM a ce strike)
20260630,6525.0,C,0.03561643835616438,6293.7204830861765,0.03608856561209154,0.1148,0.00046939046575342463,True,ok
20260630,6525.0,P,0.03561643835616438,6293.7204830861765,0.03608856561209154,,,False,rejet_ITM (on garde l'OTM a ce strike)
20260630,6550.0,C,0.03561643835616438,6293.7204830861765,0.03991266205049485,0.1149,0.00047020857534246574,True,ok
20260630,6550.0,P,0.03561643835616438,6293.7204830861765,0.03991266205049485,,,False,rejet_ITM (on garde l'OTM a ce strike)
20260630,6575.0,C,0.03561643835616438,6293.7204830861765,0.043722190467162636,0.1167,0.00048505635616438356,True,ok
20260630,6575.0,P,0.03561643835616438,6293.7204830861765,0.043722190467162636,,,False,rejet_ITM (on garde l'OTM a ce strike)
20260630,6600.0,C,0.03561643835616438,6293.7204830861765,0.04751726143571433,0.1185,0.0005001349315068493,True,ok
20260630,6600.0,P,0.03561643835616438,6293.7204830861765,0.04751726143571433,,,False,rejet_ITM (on garde l'OTM a ce strike)
20260703,6000.0,C,0.043835616438356165,6296.320356607828,-0.04820592315417261,0.1962,0.0016874275068493154,False,rejet_ITM (on garde l'OTM a ce strike)
20260703,6000.0,P,0.043835616438356165,6296.320356607828,-0.04820592315417261,0.1678,0.0012342724383561645,True,ok
20260703,6025.0,C,0.043835616438356165,6296.320356607828,-0.04404791300550895,0.1893,0.0015708269589041095,False,rejet_ITM (on garde l'OTM a ce strike)
20260703,6025.0,P,0.043835616438356165,6296.320356607828,-0.04404791300550895,0.1633,0.0011689595616438356,True,ok
20260703,6050.0,C,0.043835616438356165,6296.320356607828,-0.039907120339477575,0.1828,0.0014648039452054792,False,rejet_ITM (on garde l'OTM a ce strike)
20260703,6050.0,P,0.043835616438356165,6296.320356607828,-0.039907120339477575,0.1588,0.0011054220273972602,True,ok
20260703,6075.0,C,0.043835616438356165,6296.320356607828,-0.035783403155615436,0.1785,0.0013967013698630135,False,rejet_ITM (on garde l'OTM a ce strike)
20260703,6075.0,P,0.043835616438356165,6296.320356607828,-0.035783403155615436,0.1547,0.0010490779178082192,True,ok
20260703,6100.0,C,0.043835616438356165,6296.320356607828,-0.03167662120296206,0.1715,0.0012893041095890412,False,rejet_ITM (on garde l'OTM a ce strike)
20260703,6100.0,P,0.043835616438356165,6296.320356607828,-0.03167662120296206,0.1509,0.000998172493150685,True,ok
20260703,6125.0,C,0.043835616438356165,6296.320356607828,-0.02758663595143697,0.1661,0.0012093900273972603,False,rejet_ITM (on garde l'OTM a ce strike)
20260703,6125.0,P,0.043835616438356165,6296.320356607828,-0.02758663595143697,0.1472,0.0009498231232876712,True,ok
20260703,6150.0,C,0.043835616438356165,6296.320356607828,-0.023513310563801067,0.1608,0.0011334417534246575,False,rejet_ITM (on garde l'OTM a ce strike)
20260703,6150.0,P,0.043835616438356165,6296.320356607828,-0.023513310563801067,0.1435,0.0009026739726027396,True,ok
20260703,6175.0,C,0.043835616438356165,6296.320356607828,-0.019456509868186707,0.1559,0.0010654163287671234,False,rejet_ITM (on garde l'OTM a ce strike)
20260703,6175.0,P,0.043835616438356165,6296.320356607828,-0.019456509868186707,0.1398,0.0008567250410958905,True,ok
20260703,6200.0,C,0.043835616438356165,6296.320356607828,-0.015416100331181761,0.1513,0.0010034713424657532,False,rejet_ITM (on garde l'OTM a ce strike)
20260703,6200.0,P,0.043835616438356165,6296.320356607828,-0.015416100331181761,0.1363,0.0008143644931506849,True,ok
20260703,6225.0,C,0.043835616438356165,6296.320356607828,-0.011391950031456351,0.147,0.0009472438356164382,False,rejet_ITM (on garde l'OTM a ce strike)
20260703,6225.0,P,0.043835616438356165,6296.320356607828,-0.011391950031456351,0.1329,0.0007742426301369862,True,ok
20260703,6250.0,C,0.043835616438356165,6296.320356607828,-0.007383928633917451,0.1433,0.0009001595616438358,False,rejet_ITM (on garde l'OTM a ce strike)
20260703,6250.0,P,0.043835616438356165,6296.320356607828,-0.007383928633917451,0.1295,0.0007351342465753425,True,ok
20260703,6275.0,C,0.043835616438356165,6296.320356607828,-0.0033919073643800287,0.1397,0.0008554998356164383,False,rejet_ITM (on garde l'OTM a ce strike)
20260703,6275.0,P,0.043835616438356165,6296.320356607828,-0.0033919073643800287,0.1262,0.0006981453150684932,True,ok
20260703,6300.0,C,0.043835616438356165,6296.320356607828,0.0005842410152594722,0.1366,0.0008179533150684931,True,ok
20260703,6300.0,P,0.043835616438356165,6296.320356607828,0.0005842410152594722,0.1233,0.0006664280547945206,False,rejet_ITM (on garde l'OTM a ce strike)
20260703,6325.0,C,0.043835616438356165,6296.320356607828,0.0045446422313562594,0.1339,0.0007859379726027397,True,ok
20260703,6325.0,P,0.043835616438356165,6296.320356607828,0.0045446422313562594,0.1201,0.0006322853698630137,False,rejet_ITM (on garde l'OTM a ce strike)
20260703,6350.0,C,0.043835616438356165,6296.320356607828,0.008489420522372686,0.1312,0.0007545617534246577,True,ok
20260703,6350.0,P,0.043835616438356165,6296.320356607828,0.008489420522372686,0.1171,0.0006010919452054794,False,rejet_ITM (on garde l'OTM a ce strike)
20260703,6375.0,C,0.043835616438356165,6296.320356607828,0.01241869866226233,0.1291,0.0007305998904109588,True,ok
20260703,6375.0,P,0.043835616438356165,6296.320356607828,0.01241869866226233,0.1136,0.0005656968767123289,False,rejet_ITM (on garde l'OTM a ce strike)
20260703,6400.0,C,0.043835616438356165,6296.320356607828,0.01633259798339852,0.1271,0.0007081385205479451,True,ok
20260703,6400.0,P,0.043835616438356165,6296.320356607828,0.01633259798339852,0.1099,0.0005294470136986302,False,rejet_ITM (on garde l'OTM a ce strike)
20260703,6425.0,C,0.043835616438356165,6296.320356607828,0.020231238399055922,0.1252,0.0006871250410958905,True,ok
20260703,6425.0,P,0.043835616438356165,6296.320356607828,0.020231238399055922,0.1051,0.0004842086575342466,False,rejet_ITM (on garde l'OTM a ce strike)
20260703,6450.0,C,0.043835616438356165,6296.320356607828,0.02411473842545341,0.1236,0.0006696749589041096,True,ok
20260703,6450.0,P,0.043835616438356165,6296.320356607828,0.02411473842545341,0.1017,0.0004533869589041096,False,rejet_ITM (on garde l'OTM a ce strike)
20260703,6475.0,C,0.043835616438356165,6296.320356607828,0.027983215203373813,0.1222,0.0006545902465753425,True,ok
20260703,6475.0,P,0.043835616438356165,6296.320356607828,0.027983215203373813,0.0903,0.00035743956164383564,False,rejet_ITM (on garde l'OTM a ce strike)
20260703,6500.0,C,0.043835616438356165,6296.320356607828,0.03183678451936387,0.121,0.0006417972602739726,True,ok
20260703,6500.0,P,0.043835616438356165,6296.320356607828,0.03183678451936387,0.0723,0.00022914147945205483,False,rejet_ITM (on garde l'OTM a ce strike)
20260703,6525.0,C,0.043835616438356165,6296.320356607828,0.035675560826529416,0.1205,0.000636504109589041,True,ok
20260703,6525.0,P,0.043835616438356165,6296.320356607828,0.035675560826529416,,,False,rejet_ITM (on garde l'OTM a ce strike)
20260703,6550.0,C,0.043835616438356165,6296.320356607828,0.03949965726493294,0.12,0.0006312328767123287,True,ok
20260703,6550.0,P,0.043835616438356165,6296.320356607828,0.03949965726493294,,,False,rejet_ITM (on garde l'OTM a ce strike)
20260703,6575.0,C,0.043835616438356165,6296.320356607828,0.04330918568160071,0.1205,0.000636504109589041,True,ok
20260703,6575.0,P,0.043835616438356165,6296.320356607828,0.04330918568160071,,,False,rejet_ITM (on garde l'OTM a ce strike)
20260703,6600.0,C,0.043835616438356165,6296.320356607828,0.047104256650152186,0.1206,0.0006375609863013698,True,ok
20260703,6600.0,P,0.043835616438356165,6296.320356607828,0.047104256650152186,,,False,rejet_ITM (on garde l'OTM a ce strike)
20260710,6000.0,C,0.06301369863013699,6296.086899287888,-0.048168844092921916,0.1852,0.002161309369863014,False,rejet_ITM (on garde l'OTM a ce strike)
20260710,6000.0,P,0.06301369863013699,6296.086899287888,-0.048168844092921916,0.165,0.0017155479452054798,True,ok
20260710,6025.0,C,0.06301369863013699,6296.086899287888,-0.04401083394425832,0.1799,0.0020393759726027396,False,rejet_ITM (on garde l'OTM a ce strike)
20260710,6025.0,P,0.06301369863013699,6296.086899287888,-0.04401083394425832,0.1612,0.001637438684931507,True,ok
20260710,6050.0,C,0.06301369863013699,6296.086899287888,-0.03987004127822689,0.175,0.0019297945205479451,False,rejet_ITM (on garde l'OTM a ce strike)
20260710,6050.0,P,0.06301369863013699,6296.086899287888,-0.03987004127822689,0.1578,0.0015690940273972603,True,ok
20260710,6075.0,C,0.06301369863013699,6296.086899287888,-0.0357463240943648,0.171,0.0018425835616438359,False,rejet_ITM (on garde l'OTM a ce strike)
20260710,6075.0,P,0.06301369863013699,6296.086899287888,-0.0357463240943648,0.1545,0.0015041527397260275,True,ok
20260710,6100.0,C,0.06301369863013699,6296.086899287888,-0.031639542141711365,0.1663,0.0017426873150684934,False,rejet_ITM (on garde l'OTM a ce strike)
20260710,6100.0,P,0.06301369863013699,6296.086899287888,-0.031639542141711365,0.1511,0.0014386789863013703,True,ok
20260710,6125.0,C,0.06301369863013699,6296.086899287888,-0.02754955689018633,0.1622,0.0016578173150684934,False,rejet_ITM (on garde l'OTM a ce strike)
20260710,6125.0,P,0.06301369863013699,6296.086899287888,-0.02754955689018633,0.1478,0.0013765241643835615,True,ok
20260710,6150.0,C,0.06301369863013699,6296.086899287888,-0.023476231502550484,0.1583,0.0015790533424657536,False,rejet_ITM (on garde l'OTM a ce strike)
20260710,6150.0,P,0.06301369863013699,6296.086899287888,-0.023476231502550484,0.1447,0.001319386493150685,True,ok
20260710,6175.0,C,0.06301369863013699,6296.086899287888,-0.019419430806936068,0.1544,0.001502206246575343,False,rejet_ITM (on garde l'OTM a ce strike)
20260710,6175.0,P,0.06301369863013699,6296.086899287888,-0.019419430806936068,0.1416,0.0012634599452054796,True,ok
20260710,6200.0,C,0.06301369863013699,6296.086899287888,-0.015379021269931063,0.1507,0.0014310719726027398,False,rejet_ITM (on garde l'OTM a ce strike)
20260710,6200.0,P,0.06301369863013699,6296.086899287888,-0.015379021269931063,0.1386,0.0012104906301369865,True,ok
20260710,6225.0,C,0.06301369863013699,6296.086899287888,-0.011354870970205707,0.1472,0.0013653707397260275,False,rejet_ITM (on garde l'OTM a ce strike)
20260710,6225.0,P,0.06301369863013699,6296.086899287888,-0.011354870970205707,0.1355,0.0011569472602739727,True,ok
20260710,6250.0,C,0.06301369863013699,6296.086899287888,-0.007346849572666863,0.1441,0.0013084674794520549,False,rejet_ITM (on garde l'OTM a ce strike)
20260710,6250.0,P,0.06301369863013699,6296.086899287888,-0.007346849572666863,0.1328,0.0011112995068493152,True,ok
20260710,6275.0,C,0.06301369863013699,6296.086899287888,-0.003354828303129384,0.1413,0.0012581119726027398,False,rejet_ITM (on garde l'OTM a ce strike)
20260710,6275.0,P,0.06301369863013699,6296.086899287888,-0.003354828303129384,0.1301,0.001066570493150685,True,ok
20260710,6300.0,C,0.06301369863013699,6296.086899287888,0.000621320076509952,0.1385,0.0012087445205479456,True,ok
20260710,6300.0,P,0.06301369863013699,6296.086899287888,0.000621320076509952,0.1275,0.0010243664383561644,False,rejet_ITM (on garde l'OTM a ce strike)
20260710,6325.0,C,0.06301369863013699,6296.086899287888,0.004581721292606906,0.1361,0.0011672159726027398,True,ok
20260710,6325.0,P,0.06301369863013699,6296.086899287888,0.004581721292606906,0.125,0.0009845890410958905,False,rejet_ITM (on garde l'OTM a ce strike)
20260710,6350.0,C,0.06301369863013699,6296.086899287888,0.00852649958362328,0.1339,0.0011297858356164384,True,ok
20260710,6350.0,P,0.06301369863013699,6296.086899287888,0.00852649958362328,0.1226,0.0009471437808219179,False,rejet_ITM (on garde l'OTM a ce strike)
20260710,6375.0,C,0.06301369863013699,6296.086899287888,0.01245577772351287,0.132,0.001097950684931507,True,ok
20260710,6375.0,P,0.06301369863013699,6296.086899287888,0.01245577772351287,0.1202,0.0009104244383561645,False,rejet_ITM (on garde l'OTM a ce strike)
20260710,6400.0,C,0.06301369863013699,6296.086899287888,0.016369677044649224,0.1303,0.0010698522465753427,True,ok
20260710,6400.0,P,0.06301369863013699,6296.086899287888,0.016369677044649224,0.1174,0.000868502684931507,False,rejet_ITM (on garde l'OTM a ce strike)
20260710,6425.0,C,0.06301369863013699,6296.086899287888,0.02026831746030657,0.1286,0.00104211802739726,True,ok
20260710,6425.0,P,0.06301369863013699,6296.086899287888,0.02026831746030657,0.1146,0.0008275689863013698,False,rejet_ITM (on garde l'OTM a ce strike)
20260710,6450.0,C,0.06301369863013699,6296.086899287888,0.024151817486704225,0.1271,0.001017949123287671,True,ok
20260710,6450.0,P,0.06301369863013699,6296.086899287888,0.024151817486704225,0.1116,0.000784807890410959,False,rejet_ITM (on garde l'OTM a ce strike)
20260710,6475.0,C,0.06301369863013699,6296.086899287888,0.028020294264624573,0.1259,0.000998818164383562,True,ok
20260710,6475.0,P,0.06301369863013699,6296.086899287888,0.028020294264624573,0.1074,0.0007268478904109589,False,rejet_ITM (on garde l'OTM a ce strike)
20260710,6500.0,C,0.06301369863013699,6296.086899287888,0.031873863580614364,0.1248,0.0009814408767123287,True,ok
20260710,6500.0,P,0.06301369863013699,6296.086899287888,0.031873863580614364,0.1026,0.0006633300821917809,False,rejet_ITM (on garde l'OTM a ce strike)
20260710,6525.0,C,0.06301369863013699,6296.086899287888,0.03571263988778007,0.1237,0.000964216082191781,True,ok
20260710,6525.0,P,0.06301369863013699,6296.086899287888,0.03571263988778007,0.0977,0.0006014840273972604,False,rejet_ITM (on garde l'OTM a ce strike)
20260710,6550.0,C,0.06301369863013699,6296.086899287888,0.03953673632618354,0.1225,0.0009455993150684932,True,ok
20260710,6550.0,P,0.06301369863013699,6296.086899287888,0.03953673632618354,0.0912,0.0005241126575342466,False,rejet_ITM (on garde l'OTM a ce strike)
20260710,6575.0,C,0.06301369863013699,6296.086899287888,0.04334626474285126,0.1223,0.0009425141643835619,True,ok
20260710,6575.0,P,0.06301369863013699,6296.086899287888,0.04334626474285126,0.0576,0.0002090643287671233,False,rejet_ITM (on garde l'OTM a ce strike)
20260710,6600.0,C,0.06301369863013699,6296.086899287888,0.0471413357114029,0.1218,0.0009348233424657536,True,ok
20260710,6600.0,P,0.06301369863013699,6296.086899287888,0.0471413357114029,,,False,rejet_ITM (on garde l'OTM a ce strike)
20260717,6000.0,C,0.0821917808219178,6299.451264997531,-0.048703059581894866,0.1893,0.002945300547945205,False,rejet_ITM (on garde l'OTM a ce strike)
20260717,6000.0,P,0.0821917808219178,6299.451264997531,-0.048703059581894866,0.1662,0.002270337534246575,True,ok
20260717,6025.0,C,0.0821917808219178,6299.451264997531,-0.04454504943323124,0.1858,0.0028373950684931503,False,rejet_ITM (on garde l'OTM a ce strike)
20260717,6025.0,P,0.0821917808219178,6299.451264997531,-0.04454504943323124,0.1633,0.0021917991780821917,True,ok
20260717,6050.0,C,0.0821917808219178,6299.451264997531,-0.04040425676719978,0.1811,0.0026956610958904113,False,rejet_ITM (on garde l'OTM a ce strike)
20260717,6050.0,P,0.0821917808219178,6299.451264997531,-0.04040425676719978,0.1602,0.0021093731506849314,True,ok
20260717,6075.0,C,0.0821917808219178,6299.451264997531,-0.03628053958333779,0.1769,0.0025720775342465752,False,rejet_ITM (on garde l'OTM a ce strike)
20260717,6075.0,P,0.0821917808219178,6299.451264997531,-0.03628053958333779,0.1572,0.0020311101369863012,True,ok
20260717,6100.0,C,0.0821917808219178,6299.451264997531,-0.03217375763068432,0.1729,0.002457074794520548,False,rejet_ITM (on garde l'OTM a ce strike)
20260717,6100.0,P,0.0821917808219178,6299.451264997531,-0.03217375763068432,0.1542,0.0019543265753424657,True,ok
20260717,6125.0,C,0.0821917808219178,6299.451264997531,-0.028083772379159266,0.1691,0.0023502583561643836,False,rejet_ITM (on garde l'OTM a ce strike)
20260717,6125.0,P,0.0821917808219178,6299.451264997531,-0.028083772379159266,0.1514,0.0018839967123287671,True,ok
20260717,6150.0,C,0.0821917808219178,6299.451264997531,-0.024010446991523396,0.1654,0.002248533698630137,False,rejet_ITM (on garde l'OTM a ce strike)
20260717,6150.0,P,0.0821917808219178,6299.451264997531,-0.024010446991523396,0.1485,0.0018125136986301368,True,ok
20260717,6175.0,C,0.0821917808219178,6299.451264997531,-0.019953646295909067,0.1616,0.0021464021917808216,False,rejet_ITM (on garde l'OTM a ce strike)
20260717,6175.0,P,0.0821917808219178,6299.451264997531,-0.019953646295909067,0.1458,0.001747203287671233,True,ok
20260717,6200.0,C,0.0821917808219178,6299.451264997531,-0.015913236758904038,0.1583,0.0020596347945205477,False,rejet_ITM (on garde l'OTM a ce strike)
20260717,6200.0,P,0.0821917808219178,6299.451264997531,-0.015913236758904038,0.1429,0.0016783898630136984,True,ok
20260717,6225.0,C,0.0821917808219178,6299.451264997531,-0.011889086459178657,0.1553,0.0019823087671232875,False,rejet_ITM (on garde l'OTM a ce strike)
20260717,6225.0,P,0.0821917808219178,6299.451264997531,-0.011889086459178657,0.1401,0.001613261095890411,True,ok
20260717,6250.0,C,0.0821917808219178,6299.451264997531,-0.007881065061639788,0.1523,0.0019064621917808215,False,rejet_ITM (on garde l'OTM a ce strike)
20260717,6250.0,P,0.0821917808219178,6299.451264997531,-0.007881065061639788,0.1374,0.0015516789041095888,True,ok
20260717,6275.0,C,0.0821917808219178,6299.451264997531,-0.003889043792102284,0.1496,0.0018394652054794522,False,rejet_ITM (on garde l'OTM a ce strike)
20260717,6275.0,P,0.0821917808219178,6299.451264997531,-0.003889043792102284,0.1348,0.0014935101369863012,True,ok
20260717,6300.0,C,0.0821917808219178,6299.451264997531,8.710458753718713e-05,0.147,0.0017760821917808215,True,ok
20260717,6300.0,P,0.0821917808219178,6299.451264997531,8.710458753718713e-05,0.1323,0.0014386265753424659,False,rejet_ITM (on garde l'OTM a ce strike)
20260717,6325.0,C,0.0821917808219178,6299.451264997531,0.004047505803633944,0.1447,0.0017209389041095888,True,ok
20260717,6325.0,P,0.0821917808219178,6299.451264997531,0.004047505803633944,0.1298,0.0013847704109589039,False,rejet_ITM (on garde l'OTM a ce strike)
20260717,6350.0,C,0.0821917808219178,6299.451264997531,0.007992284094650342,0.1426,0.0016713501369863013,True,ok
20260717,6350.0,P,0.0821917808219178,6299.451264997531,0.007992284094650342,0.1275,0.0013361301369863013,False,rejet_ITM (on garde l'OTM a ce strike)
20260717,6375.0,C,0.0821917808219178,6299.451264997531,0.011921562234539955,0.1408,0.0016294224657534247,True,ok
20260717,6375.0,P,0.0821917808219178,6299.451264997531,0.011921562234539955,0.1252,0.0012883594520547946,False,rejet_ITM (on garde l'OTM a ce strike)
20260717,6400.0,C,0.0821917808219178,6299.451264997531,0.015835461555676333,0.139,0.0015880273972602743,True,ok
20260717,6400.0,P,0.0821917808219178,6299.451264997531,0.015835461555676333,0.1226,0.0012354049315068494,False,rejet_ITM (on garde l'OTM a ce strike)
20260717,6425.0,C,0.0821917808219178,6299.451264997531,0.01973410197133349,0.1375,0.0015539383561643837,True,ok
20260717,6425.0,P,0.0821917808219178,6299.451264997531,0.01973410197133349,0.1198,0.0011796197260273973,False,rejet_ITM (on garde l'OTM a ce strike)
20260717,6450.0,C,0.0821917808219178,6299.451264997531,0.023617601997731167,0.1361,0.001522455616438356,True,ok
20260717,6450.0,P,0.0821917808219178,6299.451264997531,0.023617601997731167,0.1174,0.001132829589041096,False,rejet_ITM (on garde l'OTM a ce strike)
20260717,6475.0,C,0.0821917808219178,6299.451264997531,0.02748607877565154,0.1347,0.00149129506849315,True,ok
20260717,6475.0,P,0.0821917808219178,6299.451264997531,0.02748607877565154,0.1142,0.001071915616438356,False,rejet_ITM (on garde l'OTM a ce strike)
20260717,6500.0,C,0.0821917808219178,6299.451264997531,0.03133964809164157,0.1334,0.0014626487671232874,True,ok
20260717,6500.0,P,0.0821917808219178,6299.451264997531,0.03133964809164157,0.1106,0.0010053994520547946,False,rejet_ITM (on garde l'OTM a ce strike)
20260717,6525.0,C,0.0821917808219178,6299.451264997531,0.035178424398807084,0.1324,0.0014408021917808216,True,ok
20260717,6525.0,P,0.0821917808219178,6299.451264997531,0.035178424398807084,0.1066,0.0009339912328767123,False,rejet_ITM (on garde l'OTM a ce strike)
20260717,6550.0,C,0.0821917808219178,6299.451264997531,0.03900252083721058,0.1315,0.0014212808219178084,True,ok
20260717,6550.0,P,0.0821917808219178,6299.451264997531,0.03900252083721058,0.1018,0.0008517731506849316,False,rejet_ITM (on garde l'OTM a ce strike)
20260717,6575.0,C,0.0821917808219178,6299.451264997531,0.042812049253878326,0.1308,0.001406189589041096,True,ok
20260717,6575.0,P,0.0821917808219178,6299.451264997531,0.042812049253878326,0.0945,0.0007339931506849315,False,rejet_ITM (on garde l'OTM a ce strike)
20260717,6600.0,C,0.0821917808219178,6299.451264997531,0.046607120222429986,0.1301,0.001391178904109589,True,ok
20260717,6600.0,P,0.0821917808219178,6299.451264997531,0.046607120222429986,0.0783,0.0005039087671232876,False,rejet_ITM (on garde l'OTM a ce strike)
